가행광여부,광산명,광산유형,시도,시군구,읍면동,리
폐광,석탄,(가)보문,대전,동구,낭월동,
폐광,석탄,(가)삼청,대전,동구,삼괴동,
폐광,비금속,덕명,대전,유성구,구암동,
폐광,금속,평촌,대전,대덕구,신탄진동,
폐광,비금속,보원,충북,괴산군,감물면,광전리
폐광,금속,안민동,충북,괴산군,감물면,광전리
폐광,비금속,인창,충북,괴산군,감물면,구월리
폐광,비금속,심불,충북,괴산군,감물면,매전리
폐광,금속,증자동,충북,괴산군,감물면,매전리
폐광,비금속,서일,충북,괴산군,괴산읍,검승리
폐광,금속,우진,충북,괴산군,괴산읍,능촌리
폐광,금속,(가)신항,충북,괴산군,괴산읍,신항리
폐광,비금속,광덕,충북,괴산군,문광면,광덕리
폐광,석탄,삼탄-삼덕,강원,정선군,고한읍,고한리
폐광,비금속,문광규석,충북,괴산군,문광면,신기리
폐광,석탄,옥성,충북,괴산군,문광면,옥성리
폐광,금속,만정,충북,괴산군,불정면,삼방리
폐광,금속,삼신,충북,괴산군,불정면,삼방리
폐광,금속,어래,충북,괴산군,불정면,삼방리
폐광,금속,(가)신흥리,충북,괴산군,불정면,신흥리
폐광,비금속,웅동,충북,괴산군,불정면,웅동리
폐광,비금속,(가)웅동리,충북,괴산군,불정면,웅동리
폐광,금속,괴산철,충북,괴산군,불정면,삼방리
폐광,금속,건일,충북,괴산군,불정면,창산리
폐광,비금속,대일규석,충북,괴산군,불정면,창산리
폐광,금속,보영,충북,괴산군,불정면,창산리
폐광,금속,범진,충북,괴산군,사리면,수암리
폐광,금속,창금,충북,괴산군,사리면,이곡리
폐광,금속,창금산,충북,괴산군,사리면,이곡리
폐광,금속,철수,충북,괴산군,사리면,이곡리
폐광,금속,소암,충북,괴산군,사리면,사담리
폐광,비금속,괴산고령토,충북,괴산군,소수면,소암리
폐광,금속,소암,충북,괴산군,소수면,소암리
폐광,비금속,연풍장석,충북,괴산군,연풍면,갈금리
폐광,비금속,대불,충북,괴산군,연풍면,원풍리
폐광,비금속,대불(109),충북,괴산군,연풍면,원풍리
폐광,비금속,수풍,충북,괴산군,연풍면,원풍리
폐광,비금속,(가)신풍리,충북,괴산군,연풍면,원풍리
폐광,금속,연풍도양(조령),충북,괴산군,연풍면,원풍리
폐광,금속,원풍,충북,괴산군,연풍면,원풍리
폐광,비금속,풍령,충북,괴산군,연풍면,원풍리
폐광,금속,"만장(004만장,005만장)",충북,괴산군,연풍면,유상리
폐광,비금속,유봉,충북,괴산군,연풍면,유하리
폐광,비금속,(가)삼우,충북,괴산군,연풍면,유하리
폐광,금속,입석,충북,괴산군,연풍면,적석리
폐광,금속,입석,충북,괴산군,연풍면,적석리
폐광,비금속,입석,충북,괴산군,연풍면,적석리
폐광,비금속,금강석회,충북,괴산군,연풍면,주진리
폐광,비금속,연풍장석,충북,괴산군,연풍면,주진리
폐광,금속,천보,충북,괴산군,연풍면,행촌리
폐광,비금속,(가)행촌리,충북,괴산군,연풍면,행촌리
폐광,금속,만정,충북,괴산군,장연면,송덕리
폐광,금속,삼원,충북,괴산군,장연면,오가리
폐광,금속,장풍,충북,괴산군,장연면,오가리
폐광,비금속,삼조광업,충북,괴산군,장연면,추점리
폐광,금속,성보(옥진),충북,괴산군,청안면,문방리
폐광,비금속,신흥석회,충북,괴산군,청안면,부흥리
폐광,금속,수정광산,충북,괴산군,사리면,수암리
폐광,금속,금화,충북,괴산군,청안면,장암리
폐광,금속,장암,충북,괴산군,청안면,장암리
폐광,비금속,장암석회석,충북,괴산군,청안면,장암리
폐광,금속,조천광산,충북,괴산군,청안면,조천리
폐광,금속,(가)조천리,충북,괴산군,청안면,조천리
폐광,금속,황암,충북,괴산군,청안면,조천리
폐광,금속,입장,충북,괴산군,청안면,금신리
폐광,금속,청안(칠보),충북,괴산군,청안면,효근리
폐광,금속,고촌,충북,괴산군,청안면,효근리
폐광,금속,청천,충북,괴산군,청천면,고성리
폐광,금속,조봉,충북,괴산군,청천면,귀만리
폐광,비금속,청천,충북,괴산군,청천면,귀만리
폐광,금속,(가)덕평리,충북,괴산군,청천면,덕평리
폐광,석탄,동성,충북,괴산군,청천면,덕평리
폐광,금속,청천,충북,괴산군,청천면,무릉리
폐광,비금속,부흥,충북,괴산군,청천면,삼락리
폐광,금속,대원,충북,괴산군,청천면,삼송리
폐광,비금속,오성실업,충북,괴산군,청천면,삼송리
폐광,금속,"천년,천대",충북,괴산군,청천면,삼송리
폐광,금속,청천,충북,괴산군,청천면,신월리
폐광,금속,태응,충북,괴산군,청천면,운교리
폐광,금속,청천,충북,괴산군,청천면,후평리
폐광,비금속,칠성,충북,괴산군,칠성면,비도리
폐광,비금속,삼혁규석,충북,괴산군,칠성면,송동리
폐광,금속,칠성,충북,괴산군,칠성면,외사리
폐광,금속,(가)지곡,충북,괴산군,칠성면,율지리
폐광,금속,칠보,충북,괴산군,칠성면,율지리
폐광,비금속,영춘납석,충북,단양군,가곡면,가대리
폐광,금속,(가)가곡,충북,단양군,가곡면,대대리
폐광,금속,단양보천,충북,단양군,가곡면,대대리
폐광,금속,향남,충북,단양군,가곡면,대대리
폐광,석탄,대덕(269),충북,단양군,가곡면,대대리
폐광,석탄,삼일,충북,단양군,가곡면,대대리
폐광,비금속,보발석회,충북,단양군,가곡면,보발리
폐광,석탄,대성보성,충북,단양군,가곡면,보발리
폐광,석탄,보성,충북,단양군,가곡면,보발리
폐광,석탄,보은흥일,충북,단양군,가곡면,보발리
폐광,금속,은곡(130),충북,단양군,가곡면,사평리
폐광,비금속,여천,충북,단양군,가곡면,여천리
폐광,비금속,백광여천,충북,단양군,가곡면,여천리
폐광,비금속,대현납석,충북,단양군,가곡면,보발리
폐광,비금속,영성활석(464흥국),충북,옥천군,이원면,지탄리
폐광,비금속,봉양규석,충북,단양군,단성면,가산리
폐광,비금속,대강,충북,단양군,단성면,가산리
폐광,비금속,사봉,충북,단양군,단성면,고평리
폐광,금속,(가)대잠리,충북,단양군,단성면,대잠리
폐광,비금속,두항활석,충북,단양군,단성면,두항리
폐광,비금속,(가)양당,충북,단양군,단성면,양당리
폐광,금속,(가)양당아연,충북,단양군,단성면,양당리
폐광,비금속,구미형석,충북,단양군,단성면,외중방리
폐광,금속,대덕(115),충북,단양군,단성면,장회리
폐광,비금속,제2구성,충북,단양군,단성면,장회리
폐광,비금속,덕운,충북,단양군,단성면,중방리
폐광,비금속,태백,충북,단양군,단성면,중방리
폐광,석탄,봉양,충북,단양군,단성면,회산리
폐광,금속,유양,충북,단양군,단성면,회산리
폐광,금속,연천,충북,단양군,단양읍,금곡리
폐광,석탄,대성창원,충북,단양군,단양읍,노동리
폐광,비금속,백광석회석,충북,단양군,단양읍,노동리
폐광,비금속,한일석회,충북,단양군,단양읍,노동리
폐광,비금속,대강,충북,단양군,단양읍,덕상리
폐광,석탄,단양(234),충북,단양군,단양읍,덕상리
폐광,석탄,단양덕상,충북,단양군,단양읍,덕상리
폐광,비금속,단양석회,충북,단양군,단양읍,현천리
폐광,비금속,충남신광석회,충북,단양군,단양읍,상진리
폐광,비금속,장자,충북,단양군,단양읍,심곡리
폐광,비금속,거도,충북,단양군,단양읍,천동리
폐광,비금속,덕상,충북,단양군,단양읍,현천리
폐광,금속,용암,충남,서산시,고북면,용암리
폐광,금속,연봉,충북,단양군,대강면,괴평리
폐광,비금속,대성,충북,단양군,대강면,두음리
폐광,금속,양명,충남,부여군,임천면,구교리
폐광,비금속,미선(222),충북,단양군,대강면,두음리
폐광,금속,가은,충북,단양군,적성면,상리
폐광,비금속,성경,충북,단양군,대강면,두음리
폐광,비금속,신화,충북,단양군,대강면,두음리
폐광,비금속,미노,충북,단양군,대강면,미노리
폐광,비금속,소백,충북,단양군,대강면,올산리
폐광,비금속,(가)올산리,충북,단양군,대강면,올산리
폐광,비금속,대강규석,충북,단양군,대강면,황정리
폐광,금속,문강,충북,단양군,대강면,직티리
폐광,비금속,천은,충북,단양군,매포읍,고양리
폐광,비금속,신광,충북,단양군,매포읍,매포리
폐광,금속,삼곡,충북,단양군,매포읍,삼곡리
폐광,비금속,청림,충북,단양군,매포읍,고양리
폐광,비금속,한일,충북,단양군,매포읍,상괴리
폐광,금속,삼곡,충북,단양군,매포읍,영천리
폐광,비금속,한흥실업미원석회,충북,단양군,매포읍,영천리
폐광,비금속,도담,충북,단양군,매포읍,매포리
폐광,금속,청양,충남,청양군,장평면,지천리
폐광,비금속,부국석회,충북,단양군,어상천면,대전리
폐광,비금속,석교석회,충북,단양군,어상천면,석교리
폐광,비금속,석교석회,충북,단양군,어상천면,석교리
폐광,비금속,태창,충북,단양군,어상천면,연곡리
폐광,비금속,태창석회,충북,단양군,어상천면,연곡리
폐광,금속,어상천2,충북,단양군,어상천면,임현리
폐광,금속,어상천1,충북,단양군,어상천면,임현리
폐광,비금속,영춘규석,충북,단양군,영춘면,남천리
폐광,비금속,대동,충북,단양군,영춘면,동대리
폐광,비금속,대창,충북,단양군,영춘면,동대리
폐광,비금속,선우단양,충북,단양군,영춘면,동대리
폐광,비금속,동대석회,충북,단양군,영춘면,동대리
폐광,금속,옥풍,충북,단양군,영춘면,동대리
폐광,비금속,제일동대,충북,단양군,영춘면,동대리
폐광,비금속,송전,충북,단양군,영춘면,만종리
폐광,비금속,세영벤토나이트,충북,단양군,영춘면,사이곡리
폐광,비금속,영춘제2석회,충북,단양군,영춘면,사이곡리
폐광,비금속,국일,충북,단양군,영춘면,사지원리
폐광,비금속,영춘(197),충북,단양군,영춘면,사지원리
폐광,석탄,장선,충북,단양군,영춘면,사지원리
폐광,비금속,대현납석,충북,단양군,영춘면,상리
폐광,석탄,영춘(241),충북,단양군,영춘면,상리
폐광,석탄,영춘혜주,충북,단양군,영춘면,상리
폐광,석탄,태남,충북,단양군,영춘면,상리
폐광,비금속,오사리,충북,단양군,영춘면,오사리
폐광,비금속,보림,충북,단양군,적성면,각기리
폐광,비금속,(가)기동리,충북,단양군,적성면,기동리
폐광,석탄,가은,경북,문경시,가은읍,왕능리
폐광,금속,양지,충남,보령시,청소면,정전리
폐광,금속,단양철,충북,단양군,적성면,상리
폐광,비금속,앙성고령토,충북,단양군,적성면,파랑리
폐광,비금속,경일,충북,단양군,적성면,하리
폐광,비금속,백석,충북,단양군,적성면,하리
폐광,비금속,적성,충북,단양군,적성면,하리
폐광,비금속,적성석회,충북,단양군,적성면,하리
폐광,비금속,원곡석회석,충북,단양군,적성면,하원곡리
폐광,금속,유진 (상곡광산 인접 동시사업 추진),충북,단양군,적성면,하원곡리
폐광,비금속,단진,충북,단양군,적성면,하진리
폐광,금속,대양운무,충북,보은군,마로면,기대리
폐광,금속,유정,충북,보은군,마로면,기대리
폐광,비금속,청산,충북,보은군,마로면,원정리
폐광,비금속,단천1,충북,보은군,마로면,소여리
폐광,석탄,단천2,충북,보은군,마로면,소여리
폐광,비금속,옥보,충북,보은군,마로면,오천리
폐광,석탄,성하,충북,보은군,마로면,원정리
폐광,석탄,청산,충북,보은군,마로면,원정리
폐광,비금속,금흥,충북,보은군,마로면,임곡리
폐광,비금속,옥천,충북,옥천군,군북면,대정리
폐광,비금속,대원,충북,보은군,산외면,대원리
폐광,석탄,(가)익수,충북,보은군,산외면,대원리
폐광,금속,(가)백석리,충북,보은군,산외면,백석리
폐광,석탄,산대,충북,보은군,산외면,산대리
폐광,금속,산외,충북,보은군,산외면,탁주리
폐광,금속,보은대일,충북,보은군,회남면,분저리
폐광,비금속,대상,충북,보은군,회남면,은운리
폐광,석탄,보은,충북,보은군,회남면,조곡리
폐광,금속,무극(492무주),충북,음성군,금왕읍,용계리
폐광,석탄,신원,충북,보은군,회인면,갈티리
폐광,비금속,석숭,충북,보은군,회인면,건천리
폐광,비금속,성광,충북,보은군,회인면,건천리
폐광,비금속,기덕,충북,보은군,회인면,송평리
폐광,석탄,부국,충북,보은군,회인면,송평리
폐광,석탄,우일,충북,보은군,회인면,송평리
폐광,금속,(가)내동,충북,영동군,매곡면,노천리
폐광,금속,노천리,충북,영동군,매곡면,노천리
폐광,금속,매곡,충북,영동군,매곡면,옥전리
폐광,비금속,옥매,충북,영동군,매곡면,
폐광,금속,옥전,충북,영동군,매곡면,옥전리
폐광,비금속,욱일,충북,영동군,매곡면,옥전리
폐광,금속,(가)곤덕리,충북,영동군,매곡면,유전리
폐광,금속,추령,충북,영동군,매곡면,유전리
폐광,금속,삼동(418삼동),충북,영동군,상촌면,고자리
폐광,금속,삼황학,충북,영동군,상촌면,궁촌리
폐광,금속,일생금,충북,영동군,상촌면,대해리
폐광,금속,복용,충북,영동군,상촌면,돈대리
폐광,금속,삼광수,충북,영동군,상촌면,돈대리
폐광,금속,영동임산,충북,영동군,상촌면,돈대리
폐광,금속,대원,충북,영동군,상촌면,물한리
폐광,금속,문원,충북,영동군,상촌면,물한리
폐광,금속,영보,충북,영동군,상촌면,물한리
폐광,금속,(가)충북,충북,영동군,상촌면,대해리
폐광,금속,대일,충북,영동군,상촌면,유곡리
폐광,금속,영보돈매,충북,영동군,상촌면,임산리
폐광,비금속,우석,충북,영동군,상촌면,임산리
폐광,금속,임산,충북,영동군,상촌면,하도대리
폐광,금속,창화,충북,영동군,상촌면,하도대리
폐광,금속,대동,충북,영동군,상촌면,흥덕리
폐광,비금속,흥덕,충북,영동군,상촌면,흥덕리
폐광,금속,흥덕(377흥덕),충북,영동군,상촌면,흥덕리
폐광,비금속,심천,충북,영동군,심천면,금정리
폐광,금속,금정,충북,영동군,심천면,금정리
폐광,석탄,성원,충북,영동군,심천면,길현리
폐광,비금속,마곡,충북,영동군,심천면,마곡리
폐광,비금속,옥인,충북,영동군,심천면,마곡리
폐광,금속,용당철,충북,영동군,심천면,용당리
폐광,금속,영동,충북,영동군,심천면,초강리
폐광,비금속,삼성,충북,청주시 상당구,가덕면,청용리
폐광,비금속,한일규석,충북,영동군,양강면,산막리
폐광,금속,대신,충북,영동군,양강면,산막리
폐광,금속,천일금산,충북,영동군,양강면,산막리
폐광,금속,"천흥,영우",충북,영동군,양강면,산막리
폐광,비금속,선화,충북,영동군,양강면,유점리
폐광,금속,(가)지촌금광,충북,영동군,양강면,지촌리
폐광,금속,고려산업,충북,영동군,양산면,가선리
폐광,비금속,대천,충북,영동군,양산면,누교리
폐광,금속,한척,충북,영동군,양산면,송호리
폐광,금속,영우,충북,영동군,양산면,수두리
폐광,금속,(가)당곡,충북,영동군,영동읍,당곡리
폐광,금속,산봉,충북,영동군,영동읍,당곡리
폐광,석탄,(가)산이리,충북,영동군,영동읍,산이리
폐광,금속,(가)당골,충북,영동군,영동읍,당곡리
폐광,비금속,영동납석,충북,영동군,영동읍,산익리
폐광,금속,(가)오리,충북,영동군,영동읍,산익리
폐광,비금속,용궁,충북,영동군,영동읍,산익리
폐광,비금속,영동,충북,영동군,영동읍,오탄리
폐광,금속,금포금모,충북,영동군,영동읍,화신리
폐광,비금속,영동,충북,영동군,용산면,금곡리
폐광,금속,한곡,충북,영동군,용산면,금곡리
폐광,비금속,용산형석,충북,영동군,용산면,부릉리
폐광,금속,다진영동(430부상),충북,영동군,용산면,부상리
폐광,금속,신망,충북,영동군,용산면,시금리
폐광,비금속,심천석회석,충북,영동군,용산면,한석리
폐광,비금속,"영동(395영남,399형동형석)",충북,영동군,용산면,한곡리
폐광,금속,박달,충북,영동군,용산면,한석리
폐광,금속,법화,충북,영동군,용산면,한석리
폐광,비금속,백봉규석,충북,영동군,용화면,안정리
폐광,금속,삼정(용화)(용화월전),충북,영동군,용화면,용화리
폐광,금속,용화,충북,영동군,용화면,용화리
폐광,금속,(가)용화철,충북,영동군,용화면,용화리
폐광,금속,창곡,충북,영동군,용화면,용화리
폐광,금속,삼창,충북,영동군,용화면,월전리
폐광,금속,(가)월전,충북,영동군,용화면,월전리
폐광,비금속,삼영,충북,영동군,용화면,조동리
폐광,금속,(가)계룡리,충북,영동군,추풍령면,계룡리
폐광,금속,"내보,보풍",충북,영동군,추풍령면,계룡리
폐광,금속,옥매제3,충북,영동군,추풍령면,사부리
폐광,금속,환이,충북,영동군,추풍령면,사부리
폐광,비금속,황보,충북,영동군,추풍령면,사부리
폐광,금속,(가)범하리,충북,영동군,학산면,범화리
폐광,비금속,대선석회(382대선),충북,영동군,학산면,서산리
폐광,금속,서산,충북,영동군,학산면,서산리
폐광,비금속,영동석회석,충북,영동군,학산면,서산리
폐광,금속,학산,충북,영동군,학산면,서산리
폐광,금속,대림,충북,영동군,학산면,지내리
폐광,비금속,성주형석,충북,영동군,학산면,지내리
폐광,비금속,대보,충북,영동군,학산면,학산리
폐광,비금속,용산,충북,영동군,학산면,황산리
폐광,금속,청양,충북,영동군,황간면,광평리
폐광,비금속,추풍령,충북,영동군,황간면,광평리
폐광,비금속,삼풍산업,충북,영동군,황간면,금계리
폐광,금속,난곡,충북,영동군,황간면,난곡리
폐광,금속,봉대,충북,영동군,황간면,난곡리
폐광,금속,융창,충북,영동군,황간면,난곡리
폐광,금속,삼원,충북,영동군,황간면,서송원리
폐광,비금속,인황,충북,영동군,황간면,신흥리
폐광,금속,월류,충북,영동군,황간면,원촌리
폐광,비금속,만국,충북,옥천군,군북면,국원리
폐광,비금속,만국대리석,충북,옥천군,군북면,국원리
폐광,비금속,옥천규석,충북,옥천군,군북면,국원리
폐광,금속,이전,충북,옥천군,군북면,대정리
폐광,비금속,옥천,충북,옥천군,군북면,증약리
폐광,비금속,군북규석,충북,옥천군,군북면,항곡리
폐광,금속,동국,충북,옥천군,군서면,금산리
폐광,비금속,용전,충북,옥천군,군서면,오동리
폐광,비금속,하동,충북,옥천군,군서면,하동리
폐광,금속,경원,충북,옥천군,동이면,청마리
폐광,비금속,안성,충북,옥천군,안남면,종미리
폐광,비금속,대한,충북,옥천군,안남면,화학리
폐광,비금속,부국,충북,옥천군,안남면,화학리
폐광,비금속,가산,충북,옥천군,안내면,답양리
폐광,석탄,(가)도율리,충북,옥천군,안내면,도율리
폐광,금속,금적산,충북,옥천군,안내면,오덕리
폐광,석탄,(가)인포리,충북,옥천군,안내면,인포리
폐광,금속,용암,충북,옥천군,옥천읍,삼청리
폐광,비금속,(가)옥각리,충북,옥천군,옥천읍,옥각리
폐광,비금속,옥천,충북,옥천군,옥천읍,장야리
폐광,비금속,구음,충북,옥천군,이원면,지탄리
폐광,비금속,삼화,충북,옥천군,청산면,교평리
폐광,비금속,월남(473청산형석),충북,옥천군,청산면,대성리
폐광,석탄,(가)근모,충북,옥천군,청산면,만월리
폐광,비금속,월명,충북,옥천군,청산면,명티리
폐광,비금속,청림,충북,옥천군,청산면,명티리
폐광,비금속,청산장석,충북,옥천군,청산면,인정리
폐광,비금속,청산,충북,옥천군,청산면,장위리
폐광,비금속,신장제2,충북,옥천군,청산면,판수리
폐광,금속,거풍,충북,옥천군,청성면,거포리
폐광,금속,삼보,충북,옥천군,청성면,거포리
폐광,석탄,홍우월신,충북,옥천군,청성면,거포리
폐광,금속,65사금,충북,옥천군,청성면,고당리
폐광,석탄,대부,충북,옥천군,청성면,구음리
폐광,비금속,태성,충북,옥천군,청성면,구음리
폐광,금속,남성,충북,옥천군,청성면,궁촌리
폐광,비금속,신매,충북,옥천군,청성면,소서리
폐광,금속,홍신,충북,옥천군,청성면,소서리
폐광,비금속,신장광업소,충북,옥천군,청성면,소서리
폐광,비금속,신장,충북,옥천군,청산면,신매리
폐광,비금속,도토리,충북,옥천군,청성면,장수리
폐광,금속,만명,충북,옥천군,청성면,장수리
폐광,석탄,지원,충북,옥천군,청성면,장수리
폐광,금속,동광,충북,옥천군,청성면,장연리
폐광,석탄,호명,충북,옥천군,청성면,장연리
폐광,금속,화성,충북,옥천군,청성면,화성리
폐광,금속,소금산,충북,음성군,감곡면,문촌리
폐광,비금속,건일,충북,음성군,감곡면,상평리
폐광,비금속,금광,충북,음성군,감곡면,오향리
폐광,금속,금봉,충북,음성군,금왕읍,봉곡리
폐광,금속,금왕,충북,음성군,금왕읍,봉곡리
폐광,금속,유일광업,충북,음성군,금왕읍,봉곡리
폐광,금속,태극(대륙),충북,음성군,금왕읍,삼봉리
폐광,비금속,삼성,강원,영월군,중동면,화원리
폐광,금속,금왕,충북,음성군,금왕읍,육령리
폐광,금속,삼마,충북,음성군,삼성면,대사리
폐광,금속,(가)덕용,충북,음성군,삼성면,대야리
폐광,금속,(가)병암,충북,음성군,생극면,병암리
폐광,금속,(가)생극,충북,음성군,생극면,병암리
폐광,금속,소이,충북,음성군,소이면,금고리
폐광,비금속,충주,충북,음성군,소이면,문등리
폐광,비금속,이윤(096불정),충북,음성군,소이면,문등리
폐광,비금속,용현,충북,음성군,소이면,봉전리
폐광,금속,(가)비산리,충북,음성군,소이면,비산리
폐광,금속,(가)충도,충북,음성군,소이면,충도리
폐광,금속,영세,충북,음성군,소이면,충도리
폐광,비금속,백암,충북,음성군,소이면,후미리
폐광,금속,문암,충북,음성군,원남면,문암리
폐광,금속,(가)보룡리,충북,음성군,원남면,보룡리
폐광,금속,환희,충북,음성군,원남면,덕정리
폐광,금속,(가)조촌,충북,음성군,원남면,조촌리
폐광,금속,음성,충북,음성군,음성읍,신천리
폐광,금속,일산,충북,음성군,음성읍,삼생리
폐광,비금속,제천,충북,제천시,고명동,
폐광,비금속,(가)병하,충북,제천시,금성면,사곡리
폐광,비금속,(가)사곡2,충북,제천시,금성면,사곡리
폐광,금속,금성철,충북,제천시,금성면,성내리
폐광,비금속,(가)성내리1,충북,제천시,금성면,성내리
폐광,금속,(가)성내리2,충북,제천시,금성면,성내리
폐광,비금속,(가)성내리3,충북,제천시,금성면,성내리
폐광,비금속,동남,충북,제천시,금성면,양화리
폐광,비금속,(가)양화리1,충북,제천시,금성면,양화리
폐광,비금속,(가)양화리2,충북,제천시,금성면,양화리
폐광,비금속,금성,충북,제천시,금성면,월굴리
폐광,금속,(가)석동골,충북,제천시,금성면,월굴리
폐광,비금속,월굴,충북,제천시,금성면,월굴리
폐광,금속,(가)월굴리,충북,제천시,금성면,월굴리
폐광,금속,장자,충북,제천시,금성면,월굴리
폐광,금속,적덕,충북,제천시,금성면,월굴리
폐광,비금속,한일백토,충북,제천시,금성면,월굴리
폐광,금속,당두,충북,제천시,금성면,중전리
폐광,비금속,월림,충북,제천시,금성면,중전리
폐광,금속,(가)중전리,충북,제천시,금성면,중전리
폐광,금속,(가)금풍,충북,제천시,금성면,포전리
폐광,비금속,(가)동흥소재,충북,제천시,금성면,활산리
폐광,비금속,영광이레,충북,제천시,금성면,활산리
폐광,비금속,금성활석,충북,제천시,청풍면,황석리
폐광,금속,덕산,충북,제천시,수산면,대전리
폐광,금속,대덕,충북,제천시,덕산면,도기리
폐광,비금속,도기활석,충북,제천시,덕산면,도기리
폐광,석탄,삼지,충북,제천시,덕산면,도기리
폐광,비금속,일신수산활석,충북,제천시,덕산면,도기리
폐광,금속,장풍,충북,제천시,덕산면,도기리
폐광,금속,제천삼당,충북,제천시,덕산면,도기리
폐광,비금속,도전,충북,제천시,덕산면,도전리
폐광,금속,(가)선고,충북,제천시,덕산면,선고리
폐광,금속,용하2,충북,제천시,덕산면,선고리
폐광,비금속,성암형석,충북,제천시,덕산면,성암리
폐광,비금속,덕주,충북,제천시,덕산면,수산리
폐광,비금속,광영,충북,제천시,덕산면,신현리
폐광,비금속,(가)광천형석,충북,제천시,덕산면,월악리
폐광,금속,용하1,충북,제천시,덕산면,도기리
폐광,금속,월악1,충북,제천시,덕산면,월악리
폐광,금속,월악2,충북,제천시,덕산면,월악리
폐광,금속,월악3,충북,제천시,덕산면,수산리
폐광,비금속,장풍,충북,제천시,덕산면,월악리
폐광,금속,구덕,충북,제천시,백운면,덕동리
폐광,금속,삼봉(536),충북,제천시,백운면,덕동리
폐광,비금속,신림규석,충북,제천시,백운면,도곡리
폐광,비금속,공전규석(560공전),충북,제천시,백운면,모정리
폐광,비금속,남강,충북,제천시,백운면,모정리
폐광,비금속,(가)신행규석,충북,제천시,백운면,방학리
폐광,비금속,백운규석,충북,제천시,백운면,방학리
폐광,금속,삼봉(537),충북,제천시,백운면,화당리
폐광,금속,삼봉(592),충북,제천시,백운면,화당리
폐광,금속,삼중,충북,제천시,백운면,화당리
폐광,비금속,중도,충북,제천시,봉양읍,공전리
폐광,비금속,명암,충북,제천시,봉양읍,명암리
폐광,비금속,명진,충북,제천시,봉양읍,명암리
폐광,비금속,(가)충북규석2,충북,제천시,봉양읍,명암리
폐광,비금속,옥전규석,충북,제천시,봉양읍,옥전리
폐광,비금속,신림도로마이트,충북,제천시,봉양읍,옥전리
폐광,비금속,(가)옥전,충북,제천시,봉양읍,옥전리
폐광,비금속,대진,충북,제천시,봉양읍,장평리
폐광,비금속,승우,충북,제천시,봉양읍,장평리
폐광,비금속,충북규석,충북,제천시,백운면,평동리
폐광,비금속,학산규석,충북,제천시,봉양읍,학산리
폐광,금속,(가)송실,충북,제천시,송학면,무도리
폐광,비금속,동광석회(593삼영석회),충북,제천시,송학면,무도리
폐광,비금속,진성규석,충북,제천시,백운면,운학리
폐광,비금속,신선,충북,제천시,송학면,송한리
폐광,비금속,삼화석회,충북,제천시,송학면,송한리
폐광,비금속,송한리,충북,제천시,송학면,송한리
폐광,비금속,(가)한국첨단신소재(가행광),충북,제천시,송학면,송한리
폐광,비금속,(가)함박골광산,충북,제천시,송학면,송한리
폐광,금속,포천,충북,제천시,송학면,시곡리
폐광,비금속,(가)오미리광산,충북,제천시,송학면,오미리
폐광,비금속,(가)도화석회,충북,제천시,송학면,포전리
폐광,비금속,도화석회(642포전),충북,제천시,송학면,포전리
폐광,비금속,신림,충북,제천시,송학면,송한리
폐광,금속,수중,충북,제천시,수산면,계란리
폐광,비금속,고명,충북,제천시,수산면,고명리
폐광,비금속,백운석회석,충북,제천시,수산면,고명리
폐광,비금속,영흥,충북,제천시,수산면,괴곡리
폐광,금속,(가)충북,충북,제천시,수산면,괴곡리
폐광,비금속,한승-두항,충북,제천시,수산면,괴곡리
폐광,금속,(가)구곡리,충북,제천시,수산면,구곡리
폐광,비금속,(가)동아(석면),충북,제천시,수산면,구곡리
폐광,금속,금능,충북,제천시,청풍면,도화리
폐광,금속,단제,충북,제천시,수산면,능강리
폐광,금속,(가)솟대,충북,제천시,수산면,능강리
폐광,비금속,서양,충북,제천시,수산면,다불리
폐광,비금속,제2보원,충북,제천시,수산면,다불리
폐광,금속,일신,충북,제천시,수산면,대전리
폐광,비금속,(가)대유,충북,제천시,수산면,대전리
폐광,비금속,대천,충북,제천시,수산면,대전리
폐광,비금속,장자규회석,충북,제천시,수산면,대전리
폐광,비금속,미라,충북,제천시,수산면,도전리
폐광,금속,대양,충북,제천시,수산면,서곡리
폐광,비금속,계곡,충북,제천시,수산면,다불리
폐광,비금속,금성(수몰),충북,제천시,수산면,하천리
폐광,비금속,대왕활석(수몰),충북,제천시,수산면,다불리
폐광,금속,(가)수곡,충북,제천시,수산면,수곡리
폐광,비금속,영화규회석,충북,제천시,수산면,수곡리
폐광,비금속,태명,충북,제천시,수산면,수곡리
폐광,금속,수산(적곡),충북,제천시,수산면,적곡리
폐광,비금속,(가)두원산업,충북,제천시,수산면,오티리
폐광,금속,복수,충북,제천시,수산면,지곡리
폐광,금속,(가)적곡리,충북,제천시,수산면,적곡리
폐광,비금속,(가)신생중상이용사촌,충북,제천시,수산면,전곡리
폐광,비금속,천봉-앞실,충북,제천시,수산면,전곡리
폐광,금속,(가)단제모리,충북,제천시,수산면,하천리
폐광,금속,동아,충북,제천시,수산면,하천리
폐광,비금속,풍전활석(수몰),충북,제천시,수산면,하천리
폐광,금속,(가)청풍호,충북,제천시,청풍면,교리
폐광,금속,(가)단돈리,충북,제천시,청풍면,단돈리
폐광,비금속,원광,충북,제천시,청풍면,대류리
폐광,비금속,원광고령토,충북,제천시,청풍면,도곡리
폐광,금속,(가)도화리,충북,제천시,청풍면,도화리
폐광,금속,(가)견옥,충북,제천시,청풍면,물태리
폐광,비금속,대현,충북,제천시,청풍면,물태리
폐광,비금속,덕소,충북,제천시,청풍면,양평리
폐광,비금속,천덕활석,충북,제천시,청풍면,양평리
폐광,비금속,우석알엔씨,충북,제천시,청풍면,연론리
폐광,석탄,(가)용곡광산,충북,제천시,청풍면,용곡리
폐광,금속,(가)국부,충북,제천시,청풍면,읍리
폐광,석탄,광명,충북,제천시,청풍면,진목리
폐광,금속,동아텅스텐,충북,제천시,청풍면,학현리
폐광,금속,제천철,충북,제천시,청풍면,황석리
폐광,금속,황석,충북,제천시,청풍면,황석리
폐광,금속,제천,충북,제천시,청풍면,후산리
폐광,비금속,(가)송계2리,충북,제천시,한수면,송계리
폐광,금속,(가)골뫼,충북,제천시,한수면,송계리
폐광,비금속,(가)구레골,충북,제천시,한수면,송계리
폐광,비금속,왕자,충북,제천시,한수면,송계리
폐광,비금속,(가)동부,충북,제천시,한수면,송계리
폐광,비금속,송계,충북,제천시,한수면,송계리
폐광,비금속,동창,충북,제천시,한수면,탄지리
폐광,금속,풍진,충북,제천시,한수면,탄지리
폐광,비금속,삼곡,충북,제천시,대랑동,
폐광,비금속,제원,충북,제천시,두학동,
폐광,비금속,일신수산활석,충북,제천시,수산면,수리
폐광,비금속,갑산,충북,제천시,자작동,
폐광,비금속,세경물산단양석회,충북,제천시,자작동,
폐광,비금속,아진,충북,제천시,자작동,
폐광,금속,노암,충북,증평군,도안면,노암리
폐광,금속,흥국삼보,충북,청주시 청원구,북이면,선암리
폐광,금속,정복,충북,증평군,증평읍,덕상리
폐광,금속,만화,충북,증평군,증평읍,송산리
폐광,금속,세풍,충북,증평군,증평읍,연탄리
폐광,금속,증평,충북,증평군,증평읍,연탄리
폐광,금속,불야,충북,증평군,증평읍,용강리
폐광,금속,영창,충북,증평군,증평읍,용강리
폐광,금속,부악,충북,증평군,증평읍,율리
폐광,비금속,아정규석,충북,증평군,증평읍,율리
폐광,비금속,신일고령토,충북,진천군,덕산읍,신척리
폐광,금속,문백,충북,진천군,문백면,구곡리
폐광,금속,옥산,충북,진천군,문백면,평산리
폐광,금속,성대리,충북,진천군,백곡면,성대리
폐광,금속,적재,충북,진천군,백곡면,성대리
폐광,금속,만승,충북,진천군,이월면,사당리
폐광,금속,고산(미등록금암),충북,진천군,이월면,삼용리
폐광,비금속,장천형석,충북,진천군,진천읍,장관리
폐광,비금속,진성고령토,충북,진천군,이월면,삼용리
폐광,비금속,진천,충북,진천군,진천읍,가산리
폐광,금속,금암,충북,진천군,진천읍,금암리
폐광,금속,금곡,충북,충주시,대소원면,금곡리
폐광,비금속,청용,충북,청주시상당구,가덕면,행정리
폐광,비금속,청원규석,충북,청주시상당구,가덕면,행정리
폐광,금속,(가)상정리,충북,청주시흥덕구,오송읍,상정리
폐광,금속,조치원,충북,청주시흥덕구,오송읍,상정리
폐광,금속,연제,충북,청주시흥덕구,오송읍,연제리
폐광,금속,청남,충북,청주시서원구,남이면,사동리
폐광,금속,복대,충북,청주시서원구,남이면,석판리
폐광,비금속,청주,충북,청주시서원구,남이면,척산리
폐광,금속,안심,충북,청주시서원구,남이면,팔봉리
폐광,금속,청영,충북,청주시서원구,남이면,팔봉리
폐광,금속,삼부,충북,청주시상당구,남일면,황청리
폐광,금속,청원,충북,청주시상당구,낭성면,인경리
폐광,비금속,유성,충북,청주시상당구,낭성면,문박리
폐광,비금속,용산봉,충북,청주시상당구,낭성면,삼산리
폐광,비금속,청원,충북,청주시상당구,낭성면,삼산리
폐광,비금속,청원홍주석,충북,청주시상당구,낭성면,삼산리
폐광,금속,청원,충북,청주시상당구,낭성면,인경리
폐광,금속,(가)백화금,충북,청주시청원구,내수읍,국동리
폐광,금속,산성,충북,청주시청원구,내수읍,덕암리
폐광,금속,세명사금,충북,청주시청원구,내수읍,묵방리
폐광,금속,부암,충북,청주시청원구,내수읍,초정리
폐광,비금속,북일,충북,청주시청원구,내수읍,초정리
폐광,금속,덕암,충북,청주시청원구,내수읍,풍정리
폐광,금속,대영,충남,예산군,광시면,서초정리
폐광,석탄,태우,충북,청주시상당구,미원면,계원리
폐광,비금속,동양석회,충북,청주시상당구,미원면,구방리
폐광,금속,개동,충북,청주시상당구,미원면,금관리
폐광,금속,종암,충북,청주시상당구,미원면,종암리
폐광,비금속,충북석회,충북,청주시상당구,미원면,
폐광,금속,금해,충북,청주시상당구,미원면,화창리
폐광,금속,천년,세종,,부강면,갈산리
폐광,금속,금호,세종,,부강면,금호리
폐광,금속,대창,세종,,부강면,등곡리
폐광,금속,청풍,세종,,부강면,등곡리
폐광,금속,제일텅스텐,세종,,부강면,등곡리
폐광,금속,삼황,충북,청주시서원구,남이면,외천리
폐광,금속,외천,충북,청주시서원구,남이면,
폐광,금속,(가)외천리,충북,청주시서원구,남이면,부용외천리
폐광,금속,현도,충북,청주시서원구,남이면,부용외천리
폐광,비금속,문화형석,충북,청주시청원구,북이면,광암리
폐광,금속,대길,충북,청주시청원구,북이면,대길리
폐광,금속,석화,충북,청주시청원구,북이면,
폐광,금속,소룡,충북,청주시청원구,북이면,석화리
폐광,금속,모정,충북,청주시청원구,오창읍,모정리
폐광,금속,충청,충북,청주시서원구,현도면,죽암리
폐광,금속,부용,충북,청주시서원구,현도면,죽전리
폐광,금속,무심천,충북,청주시청원구,사천동,
폐광,금속,무심천사금,충북,청주시청원구,사천동,
폐광,금속,청주,충북,청주시 상당구,용정동,
폐광,금속,관풍,충북,청주시 상당구,월오동,
폐광,금속,가금,충북,충주시,중앙탑면,봉황리
폐광,금속,창동,충북,충주시,중앙탑면,창동리
폐광,금속,가금,충북,충주시,중앙탑면,하구암리
폐광,비금속,대용,충북,충주시,가주동,
폐광,금속,(가)가신리,충북,충주시,노은면,가신리
폐광,금속,병억일신,충북,충주시,노은면,가신리
폐광,금속,중보,충북,충주시,노은면,가신리
폐광,금속,(가)대덕리,충북,충주시,노은면,대덕리
폐광,비금속,노은규석,충북,충주시,노은면,문성리
폐광,비금속,동보,충북,충주시,노은면,문성리
폐광,금속,천룡,충북,충주시,노은면,수룡리
폐광,비금속,노은도석,충북,충주시,노은면,신효리
폐광,금속,삼원주덕,충북,충주시,노은면,신효리
폐광,금속,(가)신효리,충북,충주시,노은면,신효리
폐광,비금속,제3홍일,충북,충주시,노은면,신효리
폐광,비금속,중원도석,충북,충주시,노은면,신효리
폐광,비금속,봉황,충북,충주시,노은면,안락리
폐광,금속,안락,충북,충주시,노은면,안락리
폐광,금속,보련,충북,충주시,노은면,연하리
폐광,금속,태창,충북,충주시,노은면,연하리
폐광,금속,보성,충북,충주시,동량면,손동리
폐광,비금속,중원규석,충북,충주시,동량면,손동리
폐광,비금속,한국,충북,충주시,동량면,조동리
폐광,비금속,부영,충북,충주시,동량면,지동리
폐광,비금속,충주규석,충북,충주시,동량면,지동리
폐광,금속,(가)포탄리,충북,충주시,동량면,포탄리
폐광,비금속,옥동활석,충북,충주시,동량면,하천리
폐광,비금속,충주,충북,충주시,목벌동,
폐광,비금속,방대,충북,충주시,산척면,명서리
폐광,비금속,재용,충북,충주시,산척면,명서리
폐광,금속,천등,충북,충주시,산척면,송강리
폐광,금속,황둔,충북,충주시,산척면,송강리
폐광,금속,영덕,충북,충주시,산척면,영덕리
폐광,금속,두일,충북,충주시,살미면,내사리
폐광,비금속,문화,충북,충주시,살미면,재오개리
폐광,비금속,설운,충북,충주시,살미면,설운리
폐광,비금속,세성,충북,충주시,살미면,설운리
폐광,비금속,살미,충북,충주시,살미면,세성리
폐광,비금속,서창,충북,충주시,살미면,신당리
폐광,비금속,응천,충북,충주시,살미면,신당리
폐광,금속,(가)신매리,충북,충주시,살미면,신매리
폐광,금속,살미,충북,충주시,살미면,재오개리
폐광,비금속,일신동양활석,충북,충주시,살미면,재오개리
폐광,금속,건일,충북,충주시,살미면,토계리
폐광,비금속,토계리,충북,충주시,살미면,토계리
폐광,비금속,대중대리석,충북,충주시,살미면,향산리
폐광,비금속,덕암,충북,충주시,살미면,향산리
폐광,비금속,한국,충북,충주시,살미면,향산리
폐광,비금속,향산,충북,충주시,살미면,향산리
폐광,비금속,대석,충북,충주시,수안보면,미륵리
폐광,금속,국사봉,충북,충주시,소태면,구룡리
폐광,비금속,소복,충북,충주시,소태면,덕은리
폐광,금속,(가)삼봉,충북,충주시,소태면,덕은리
폐광,금속,(가)복탄리,충북,충주시,소태면,복탄리
폐광,금속,"오복(중원개발,성창)",충북,충주시,소태면,복탄리
폐광,금속,(가)양촌리,충북,충주시,소태면,양촌리
폐광,금속,(가)오량리,충북,충주시,소태면,오량리
폐광,금속,목계,충북,충주시,소태면,중청리
폐광,금속,(가)중청리,충북,충주시,소태면,중청리
폐광,비금속,윤광,충북,충주시,수안보면,미륵리
폐광,금속,대황,충북,충주시,수안보면,사문리
폐광,금속,삼덕,충북,충주시,수안보면,온천리
폐광,비금속,천일석회,충북,충주시,수안보면,중산리
폐광,금속,(가)능암리2,충북,충주시,앙성면,능암리
폐광,금속,(가)능암리,충북,충주시,앙성면,능암리
폐광,금속,돈산,충북,충주시,앙성면,돈산리
폐광,금속,마장,충북,충주시,앙성면,마련리
폐광,금속,소산정금,충북,충주시,앙성면,마련리
폐광,금속,왕자,충북,충주시,앙성면,목미리
폐광,금속,소산정산,충북,충주시,앙성면,영죽리
폐광,금속,국산,충북,충주시,앙성면,용대리
폐광,비금속,동구,충북,충주시,앙성면,용포리
폐광,비금속,동출,충북,충주시,엄정면,가춘리
폐광,비금속,백운,충북,충주시,엄정면,가춘리
폐광,금속,삼봉,충북,충주시,엄정면,가춘리
폐광,금속,삼봉,충북,충주시,엄정면,가춘리
폐광,비금속,원일,충북,충주시,엄정면,가춘리
폐광,비금속,엄정,충북,충주시,엄정면,목계리
폐광,금속,충주텅스텐,충북,충주시,엄정면,원곡리
폐광,비금속,하일,충북,충주시,엄정면,가춘리
폐광,금속,양지,강원,원주시,신림면,성남리
폐광,비금속,풍익,충북,충주시,대소원면,매현리
폐광,금속,중원(942),충북,충주시,중앙탑면,창동리
폐광,금속,(가)칠성,충북,충주시,중앙탑면,창동리
폐광,석탄,동원-삼성,강원,정선군,사북읍,사북리
폐광,금속,"충주(금,은)",충북,충주시,대소원면,금곡리
폐광,비금속,율창,충북,충주시,대소원면,두정리
폐광,금속,충주,충북,충주시,대소원면,두정리
폐광,금속,(가)만정리,충북,충주시,대소원면,만정리
폐광,금속,충주,충북,충주시,대소원면,만정리
폐광,금속,충주철산,충북,충주시,대소원면,만정리
폐광,비금속,(가)매현리,충북,충주시,대소원면,매현리
폐광,금속,배한,충북,충주시,대소원면,매현리
폐광,금속,(가)충주2,충북,충주시,대소원면,매현리
폐광,비금속,중원,충북,충주시,대소원면,문주리
폐광,비금속,덕영,충북,충주시,대소원면,완오리
폐광,비금속,이류,충북,충주시,대소원면,완오리
폐광,금속,충주철,충북,충주시,대소원면,완오리
폐광,금속,충주철,충북,충주시,대소원면,완오리
폐광,비금속,흥일,충북,충주시,대소원면,탄용리
폐광,비금속,흥일(대흥),충북,충주시,대소원면,탄용리
폐광,비금속,(가)당우,충북,충주시,주덕읍,당우리
폐광,비금속,덕운,충북,충주시,주덕읍,당우리
폐광,금속,대소,충북,충주시,주덕읍,대곡리
폐광,비금속,신라규석,충북,충주시,주덕읍,덕련리
폐광,비금속,이덕,충북,충주시,주덕읍,신양리
폐광,금속,"충주(금,은)",충북,충주시,주덕읍,신중리
폐광,비금속,덕산,충북,충주시,주덕읍,화곡리
폐광,비금속,문화규석,충북,충주시,주덕읍,화곡리
폐광,비금속,대양,충북,충주시,목벌동,
폐광,비금속,(가)목벌동,충북,충주시,목벌동,
폐광,비금속,삼산,충북,충주시,목벌동,
폐광,비금속,일신동양활석,충북,충주시,목벌동,
폐광,비금속,동양활석,충북,충주시,종민동,
폐광,금속,대교,충북,충주시,연수동,
폐광,금속,금곡,충남,홍성군,결성면,금곡리
폐광,비금속,동국실리카,충북,충주시,용탄동,
폐광,비금속,동영,충북,충주시,용탄동,
폐광,비금속,충주규석,충북,충주시,용탄동,
폐광,비금속,대주,충북,충주시,종민동,
폐광,비금속,성신,충북,충주시,종민동,
폐광,비금속,(가)종민리,충북,충주시,종민동,
폐광,비금속,동양석회석,충북,충주시,직동,
폐광,비금속,제2문화규석,충북,충주시,직동,
폐광,비금속,제일,충북,충주시,직동,
폐광,비금속,충주규석,충북,충주시,직동,
폐광,비금속,충주제일활석,충북,충주시,직동,
폐광,비금속,충주제일활석,충북,충주시,직동,
폐광,비금속,공주계룡,충남,공주시,계룡면,구왕리
폐광,금속,(가)기산리1,충남,공주시,계룡면,기산리
폐광,금속,(가)기산리2,충남,공주시,계룡면,기산리
폐광,금속,구왕,충남,공주시,계룡면,기산리
폐광,금속,서부탄,충남,공주시,계룡면,기산리
폐광,금속,제일광업,충남,공주시,계룡면,내흥리
폐광,금속,(가)중장1,충남,공주시,계룡면,중장리
폐광,금속,금태,충남,공주시,계룡면,화은리
폐광,금속,계룡은,충남,공주시,계룡면,향지리
폐광,금속,도덕,충남,공주시,반포면,마암리
폐광,금속,마암철,충남,공주시,반포면,마암리
폐광,금속,(가)충남,세종,,금남면,성강리
폐광,금속,아룡,충남,공주시,반포면,하신리
폐광,비금속,(가)왕촌,충남,공주시,상왕동,
폐광,금속,(가)삼광,충남,공주시,신풍면,조평리
폐광,비금속,한신광업사,충남,공주시,신풍면,쌍대리
폐광,금속,(가)삼광2,충남,공주시,신풍면,봉갑리
폐광,비금속,대흥활석,충남,공주시,신풍면,조평리
폐광,금속,(가)동일,충남,공주시,오곡동,
폐광,금속,오곡,충남,공주시,오곡동,
폐광,비금속,우룡,충남,공주시,오곡동,
폐광,금속,(가)공주대금2,충남,공주시,우성면,단지리
폐광,금속,공주대금1,충남,공주시,우성면,단지리
폐광,금속,단지,충남,공주시,우성면,단지리
폐광,금속,(가)방문리2,충남,공주시,우성면,방문리
폐광,금속,우백,충남,공주시,우성면,방문리
폐광,금속,(가)방문리1,충남,공주시,우성면,방문리
폐광,금속,(가)우성,충남,공주시,우성면,방흥리
폐광,금속,공흥,충남,공주시,우성면,방흥리
폐광,금속,한국유리이곡반계리규사,충남,공주시,우성면,방흥리
폐광,금속,보흥(부흥),충남,공주시,우성면,보흥리
폐광,금속,(가)상서리1,충남,공주시,우성면,상서리
폐광,금속,(가)상서리2,충남,공주시,우성면,상서리
폐광,금속,(가)안양리,충남,공주시,우성면,안양리
폐광,금속,무성,충남,공주시,우성면,한천리
폐광,비금속,유구,충남,공주시,유구읍,노동리
폐광,금속,대곡,충남,공주시,유구읍,녹천리
폐광,금속,덕곡,충남,공주시,유구읍,덕곡리
폐광,금속,명보,충남,공주시,유구읍,명곡리
폐광,금속,풍산금산,충남,공주시,유구읍,명곡리
폐광,금속,(가)문금리1,충남,공주시,유구읍,문금리
폐광,금속,(가)문금리2,충남,공주시,유구읍,문금리
폐광,비금속,석웅산업개발,충남,공주시,유구읍,추계리
폐광,금속,(가)탑곡리1,충남,공주시,유구읍,탑곡리
폐광,금속,(가)탑곡리2,충남,공주시,유구읍,탑곡리
폐광,금속,(가)두만리,충남,공주시,의당면,두만리
폐광,금속,신흥,세종,,장군면,용암리
폐광,금속,기룡암,세종,,장군면,용암리
폐광,금속,천태,충남,공주시,의당면,월곡리
폐광,비금속,다덕,충남,공주시,이인면,구암리
폐광,비금속,상진흑연,충남,공주시,이인면,구암리
폐광,금속,(가)복귀,충남,공주시,이인면,발양리
폐광,금속,대성,충남,공주시,이인면,발양리
폐광,금속,발향,충남,공주시,이인면,발양리
폐광,금속,봉성,충남,공주시,이인면,발양리
폐광,금속,이인,충남,공주시,이인면,복룡리
폐광,금속,이인(이인 중복),충남,공주시,이인면,복룡리
폐광,금속,(가)용성리,충남,공주시,이인면,용성리
폐광,비금속,이인,충남,공주시,이인면,용성리
폐광,비금속,상진흑연-공주,충남,공주시,이인면,구암리
폐광,금속,(가)금암무명,세종,,장군면,금암리
폐광,금속,금암,세종,,장군면,금암리
폐광,비금속,(가)신흥,세종,,장군면,봉안리
폐광,비금속,(가)석장리,충남,공주시,석장리동,
폐광,비금속,삼보,충남,공주시,석장리동,
폐광,금속,광정,충남,공주시,정안면,대산리
폐광,금속,석송,충남,공주시,정안면,북계리
폐광,금속,장재,충남,공주시,정안면,장원리
폐광,금속,가척,충남,공주시,탄천면,가척리
폐광,금속,여대,충남,공주시,탄천면,광명리
폐광,금속,석일,충남,공주시,탄천면,남산리
폐광,금속,탄천,충남,공주시,탄천면,남산리
폐광,금속,(가)남산3,충남,공주시,탄천면,남산리
폐광,금속,(가)남산4,충남,공주시,탄천면,남산리
폐광,금속,(가)삼부,충남,공주시,탄천면,덕지리
폐광,금속,봉화,충남,공주시,탄천면,삼각리
폐광,금속,(가)승치,충남,공주시,탄천면,정치리
폐광,금속,금생수,충남,공주시,탄천면,화정리
폐광,비금속,삼공,충남,공주시,금학동,
폐광,비금속,(가)상왕동1,충남,공주시,상왕동,
폐광,비금속,(가)옥룡동,충남,공주시,소학동,
폐광,비금속,(가)진흥,충남,공주시,소학동,
폐광,비금속,계룡,충남,공주시,옥룡동,
폐광,비금속,(가)주미,충남,공주시,주미동,
폐광,석탄,대성,충남,금산군,복수면,수영리
폐광,비금속,대동,충남,금산군,금산읍,양지리
폐광,금속,삼성광산,강원,춘천시,사북면,지암리
폐광,비금속,금화,충남,금산군,금성면,상가리
폐광,금속,금성,충남,금산군,금성면,화림리
폐광,금속,금치,충남,금산군,남이면,건천리
폐광,금속,(가)상금리(활굴),충남,금산군,남이면,상금리
폐광,금속,덕유,충남,금산군,남이면,상금리
폐광,금속,화성탄광,충남,금산군,남이면,성곡리
폐광,금속,(가)금평소류지,충남,금산군,남이면,하금리
폐광,금속,조령,충남,금산군,남이면,하금리
폐광,금속,(가)곡남리,충남,금산군,복수면,곡남리
폐광,비금속,청등석회석,충남,금산군,진산면,삼가리
폐광,금속,수복,충남,금산군,복수면,구례리
폐광,금속,팔보,충남,금산군,복수면,목소리
폐광,비금속,광표사금,충남,금산군,복수면,수영리
폐광,비금속,복수,충남,금산군,복수면,신대리
폐광,비금속,금룡,충남,금산군,부리면,어재리
폐광,비금속,부리,충남,금산군,부리면,어재리
폐광,비금속,무리부,충남,금산군,부리면,어재리
폐광,금속,산내,충남,금산군,부리면,어재리
폐광,금속,대경,충남,금산군,제원면,대산리
폐광,비금속,(가)홍일제일,충남,금산군,제원면,신안리
폐광,비금속,제원,충남,금산군,제원면,제원리
폐광,금속,(가)만악리,충남,금산군,진산면,만악리
폐광,비금속,금동광업소,충남,금산군,진산면,만악리
폐광,비금속,금산,충남,금산군,진산면,만악리
폐광,금속,금수,충남,금산군,진산면,만악리
폐광,비금속,일만,충남,금산군,진산면,만악리
폐광,비금속,태원광업소,충남,금산군,진산면,만악리
폐광,금속,진산-사광,충남,금산군,진산면,묵산리
폐광,금속,대둔,충남,금산군,진산면,묵산리
폐광,석탄,진풍탄광,충남,금산군,진산면,묵산리
폐광,금속,(가)동척,충남,금산군,진산면,삼가리
폐광,비금속,(가)삼가리,충남,금산군,진산면,삼가리
폐광,비금속,옥계,충남,금산군,진산면,삼가리
폐광,비금속,일양,충남,금산군,진산면,삼가리
폐광,금속,(가)금산옥산,충남,금산군,진산면,석막리
폐광,금속,(가)동일,충남,금산군,진산면,석막리
폐광,비금속,(가)석막리,충남,금산군,진산면,석막리
폐광,비금속,구봉,충북,청원군,문의면,금곡리
폐광,금속,진산,충남,금산군,진산면,석막리
폐광,비금속,청등석회석,충남,금산군,복수면,곡남리
폐광,비금속,(가)광성화학진산광업소2,충남,금산군,금산읍,양지리
폐광,금속,(가)진성,충남,금산군,진산면,엄정리
폐광,비금속,국보,충남,금산군,진산면,오항리
폐광,비금속,오향리,충남,금산군,진산면,오항리
폐광,비금속,진흥석회석,충남,금산군,진산면,오항리
폐광,금속,(가)원묵산리1,충남,금산군,진산면,묵산리
폐광,금속,(가)원묵산리2,충남,금산군,진산면,묵산리
폐광,비금속,"금산,대륜",충남,금산군,진산면,묵산리
폐광,비금속,홍일제일,충남,금산군,진산면,묵산리
폐광,금속,(가)행정리1,충남,금산군,진산면,행정리
폐광,금속,(가)행정리2,충남,금산군,진산면,행정리
폐광,비금속,도령,충남,금산군,진산면,행정리
폐광,금속,행정1,충남,금산군,진산면,행정리
폐광,금속,행정2,충남,금산군,진산면,행정리
폐광,금속,금화,충남,논산시,가야곡면,병암리
폐광,비금속,논산석회,충남,논산시,가야곡면,삼전리
폐광,비금속,부적광업,충남,논산시,광석면,신당리
폐광,금속,대진,충남,논산시,노성면,병사리
폐광,금속,병사,충남,논산시,노성면,병사리
폐광,금속,금적,충남,논산시,노성면,죽림리
폐광,금속,(가)호장,충남,논산시,노성면,호암리
폐광,비금속,신명고령토,충남,논산시,노성면,화곡리
폐광,금속,(가)석일,충남,논산시,내동,
폐광,금속,덕풍,충남,논산시,벌곡면,만목리
폐광,금속,덕풍,충남,논산시,벌곡면,만목리
폐광,금속,대둔철광,충남,논산시,벌곡면,수락리
폐광,금속,(가)금화2,충남,논산시,부적면,신교리
폐광,비금속,삼광,충남,논산시,부적면,외성리
폐광,비금속,성부,충남,논산시,성동면,삼호리
폐광,비금속,전의,충남,논산시,양촌면,남산리
폐광,금속,(가)수풍,충남,논산시,양촌면,모촌리
폐광,금속,석광,충남,논산시,연무읍,마산리
폐광,비금속,보성,충남,논산시,연산면,신양리
폐광,석탄,보광,충남,보령시,웅천읍,평리
폐광,비금속,옥현,충남,당진시,고대면,옥현리
폐광,비금속,대영,충남,당진시,대덕동,
폐광,비금속,원당광업소,충남,당진시,원당동,
폐광,비금속,대덕1,충남,당진시,대덕동,
폐광,비금속,대덕석회석,충남,당진시,채운동,
폐광,비금속,우정,충남,당진시,채운동,
폐광,금속,(가)삼응리,충남,당진시,면천면,삼웅리
폐광,비금속,(가)동보,충남,당진시,면천면,삼웅리
폐광,금속,(가)몽성,충남,당진시,면천면,성상리
폐광,비금속,면천고령토,충남,당진시,면천면,성하리
폐광,금속,(가)율사리,충남,당진시,면천면,율사리
폐광,금속,미산,충남,당진시,면천면,죽동리
폐광,비금속,난지도,충남,당진시,석문면,난지도리
폐광,비금속,당지,충남,당진시,석문면,난지도리
폐광,비금속,대산,충남,당진시,석문면,난지도리
폐광,비금속,대우규사,충남,당진시,석문면,난지도리
폐광,비금속,동영광업,충남,당진시,석문면,난지도리
폐광,비금속,란지금단,충남,당진시,석문면,난지도리
폐광,비금속,명성광업사,충남,당진시,석문면,난지도리
폐광,비금속,선광제2,충남,당진시,석문면,난지도리
폐광,비금속,영진,충남,당진시,석문면,난지도리
폐광,비금속,제5호규사,충남,당진시,석문면,난지도리
폐광,비금속,한염,충남,당진시,석문면,난지도리
폐광,비금속,(가)삼봉리1,충남,당진시,석문면,삼봉리
폐광,석탄,(가)삼봉리2,충남,당진시,석문면,초락도리
폐광,비금속,삼봉,충남,당진시,석문면,삼봉리
폐광,비금속,당진금단광업사,충남,당진시,석문면,장고항리
폐광,비금속,대일,충남,당진시,석문면,장고항리
폐광,비금속,성신산업,충남,당진시,석문면,교로리
폐광,석탄,(가)대호,충남,당진시,석문면,초락도리
폐광,비금속,(가)초락도고령토,충남,당진시,석문면,초락도리
폐광,비금속,대호고령토,충남,당진시,석문면,초락도리
폐광,비금속,가곡,충남,당진시,송산면,가곡리
폐광,비금속,당진장석,충남,당진시,송산면,가곡리
폐광,금속,(가)금암리,충남,당진시,송산면,금암리
폐광,비금속,금암흑연,충남,당진시,송산면,금암리
폐광,금속,오마,충남,당진시,송산면,금암리
폐광,비금속,당진,충남,당진시,송악읍,고대리
폐광,비금속,봉교,충남,당진시,송악읍,봉교리
폐광,비금속,한진장석,충남,당진시,송악읍,부곡리
폐광,금속,(가)철마산,충남,당진시,송악읍,영천리
폐광,금속,오령,충남,당진시,송악읍,영천리
폐광,비금속,송악,충남,당진시,송악읍,월곡리
폐광,금속,당진,충남,당진시,순성면,갈산리
폐광,금속,금본사금,충남,당진시,순성면,갈산리
폐광,금속,당진금산,충남,당진시,순성면,갈산리
폐광,금속,광성,충남,당진시,순성면,광천리
폐광,비금속,백석,충남,당진시,순성면,백석리
폐광,금속,(가)성북리2,충남,당진시,순성면,성북리
폐광,금속,(가)성북리1,충남,당진시,순성면,성북리
폐광,금속,금호,충남,당진시,순성면,아찬리
폐광,비금속,신명,충남,당진시,우강면,대포리
폐광,석탄,(가)송산리,충남,당진시,우강면,송산리
폐광,비금속,청등석회석,충남,당진시,정미면,승산리
폐광,비금속,삼광,충남,보령시,남포면,양기리
폐광,비금속,월드규사광산,충남,보령시,남포면,양항리
폐광,석탄,(가)신흥,충남,보령시,성주면,개화리
폐광,석탄,보성,충남,보령시,미산면,도화담리
폐광,석탄,신풍,충남,보령시,미산면,도화담리
폐광,석탄,(가)미산탄광,충남,보령시,미산면,풍계리
폐광,석탄,(가)개화,충남,보령시,성주면,개화리
폐광,석탄,(가)개화리,충남,보령시,성주면,개화리
폐광,석탄,보성중보광업소,충남,보령시,성주면,개화리
폐광,석탄,성주,충남,보령시,성주면,개화리
폐광,석탄,(가)덕수-덕성,충남,보령시,성주면,성주리
폐광,석탄,(가)덕수-덕흥,충남,보령시,성주면,성주리
폐광,석탄,(가)삼풍2,충남,보령시,성주면,성주리
폐광,석탄,(가)삼풍3,충남,보령시,성주면,성주리
폐광,석탄,(가)신성산업,충남,보령시,성주면,성주리
폐광,석탄,경원,충남,보령시,성주면,성주리
폐광,석탄,경원-동림,충남,보령시,성주면,성주리
폐광,석탄,대보-성보,충남,보령시,성주면,성주리
폐광,석탄,덕수,충남,보령시,성주면,성주리
폐광,석탄,삼풍-삼보,충남,보령시,성주면,성주리
폐광,석탄,석공-신성,충남,보령시,성주면,성주리
폐광,석탄,성림-동광,충남,보령시,성주면,성주리
폐광,석탄,심원,충남,보령시,성주면,성주리
폐광,석탄,영보-대봉,충남,보령시,성주면,성주리
폐광,석탄,영보-원보,충남,보령시,성주면,성주리
폐광,석탄,우성,충남,보령시,성주면,성주리
폐광,석탄,원풍,충남,보령시,성주면,성주리
폐광,석탄,원풍-건일,충남,보령시,성주면,성주리
폐광,비금속,신석,충남,보령시,오천면,교성리
폐광,비금속,대보,충남,보령시,오천면,교성리
폐광,비금속,대원,충남,보령시,오천면,삽시도리
폐광,비금속,대원,충남,보령시,오천면,삽시도리
폐광,비금속,태원,충남,보령시,오천면,삽시도리
폐광,금속,금신,충남,보령시,오천면,영보리
폐광,비금속,두산유리-대선,충남,보령시,오천면,원산도리
폐광,비금속,원산도,충남,보령시,오천면,원산도리
폐광,비금속,한성규사,충남,보령시,오천면,원산도리
폐광,석탄,대륭,충남,보령시,웅천읍,두룡리
폐광,금속,동부,충남,보령시,웅천읍,성동리
폐광,석탄,보덕,충남,보령시,웅천읍,수부리
폐광,비금속,(가)채풍,충남,보령시,주교면,고정리
폐광,비금속,(가)홍일제일,충남,보령시,주산면,야룡리
폐광,비금속,(가)주야리,충남,보령시,주산면,주야리
폐광,비금속,(가)대천107,충남,보령시,주포면,관산리
폐광,금속,진당,충남,보령시,주포면,봉당리
폐광,금속,대영,충남,보령시,천북면,궁포리
폐광,금속,은정,충남,보령시,천북면,궁포리
폐광,금속,천궁,충남,보령시,천북면,궁포리
폐광,금속,보령,충남,보령시,천북면,낙동리
폐광,금속,신덕,충남,보령시,천북면,신덕리
폐광,금속,(가)덕실리은보,충남,보령시,천북면,신덕리
폐광,금속,(가)궁포리,충남,보령시,천북면,장은리
폐광,금속,(가)하만리,충남,보령시,천북면,하만리
폐광,금속,만리,충남,보령시,천북면,하만리
폐광,금속,삼안칠용,충남,보령시,천북면,학성리
폐광,금속,학성,충남,보령시,천북면,학성리
폐광,석탄,(가)영보-동보,충남,보령시,청라면,나원리
폐광,석탄,동명-대진,충남,보령시,청라면,나원리
폐광,석탄,삼풍,충남,보령시,청라면,나원리
폐광,석탄,성태,충남,보령시,청라면,나원리
폐광,석탄,영보-금풍,충남,보령시,청라면,나원리
폐광,석탄,영보-삼광,충남,보령시,청라면,나원리
폐광,석탄,영보-상보,충남,보령시,청라면,나원리
폐광,석탄,영보-서원,충남,보령시,청라면,나원리
폐광,금속,(가)내현리,충남,보령시,청라면,내현리
폐광,금속,좌동,충남,보령시,청라면,내현리
폐광,금속,보양,충남,보령시,청라면,소양리
폐광,금속,용보,충남,보령시,청라면,의평리
폐광,금속,청보,충남,보령시,청라면,의평리
폐광,비금속,대천,충남,보령시,청라면,장현리
폐광,석탄,성림,충남,보령시,청라면,향천리
폐광,금속,금곡,충북,충주시,이류면,만정리
폐광,석탄,청곡,충남,보령시,청라면,향천리
폐광,금속,(가)성연,충남,보령시,청소면,성연리
폐광,금속,(가)성연2,충남,보령시,청소면,성연리
폐광,금속,(가)신송,충남,보령시,청소면,신송리
폐광,비금속,(가)신송리1,충남,보령시,청소면,신송리
폐광,금속,(가)신송리2,충남,보령시,청소면,신송리
폐광,금속,평촌,충남,보령시,청소면,신송리
폐광,금속,갑오,충남,보령시,청소면,야현리
폐광,금속,진죽,충남,보령시,청소면,야현리
폐광,금속,(가)재정,충남,보령시,청소면,재정리
폐광,비금속,(가)재정석면,충남,보령시,청소면,재정리
폐광,금속,(가)태양,충남,보령시,청소면,재정리
폐광,금속,인정,충남,보령시,청소면,재정리
폐광,비금속,보령,충남,보령시,청소면,정전리
폐광,금속,(가)정전리,충남,보령시,청소면,정전리
폐광,비금속,보령활석,충남,보령시,청소면,정전리
폐광,석탄,강원-삼성,강원,태백시,동점동,
폐광,금속,(가)도야,충남,보령시,청소면,죽림리
폐광,금속,(가)삼산,충남,보령시,청소면,죽림리
폐광,금속,인정,충남,보령시,청소면,죽림리
폐광,금속,죽림리,충남,보령시,청소면,죽림리
폐광,금속,진부-진죽,충남,보령시,청소면,진죽리
폐광,금속,서대,충남,보령시,남곡동,
폐광,석탄,대신,충남,보령시,동대동,
폐광,석탄,세풍-풍산,충남,보령시,동대동,
폐광,석탄,보령-원진,충남,보령시,명천동,
폐광,석탄,세풍-신창,충남,보령시,명천동,
폐광,석탄,세풍-홍명,충남,보령시,명천동,
폐광,석탄,삼산,충남,부여군,홍산면,상천리
폐광,석탄,산성,충남,부여군,홍산면,홍양리
폐광,금속,(가)임천1,충남,부여군,규암면,금암리
폐광,비금속,설원,충남,부여군,규암면,내리
폐광,금속,반산,충남,부여군,규암면,석우리
폐광,금속,호암,충남,부여군,남면,송암리
폐광,비금속,(가)홍일제일,충남,부여군,내산면,저동리
폐광,금속,송곡리,충남,부여군,부여읍,송곡리
폐광,금속,백제,충남,부여군,석성면,정각리
폐광,금속,부여,충남,부여군,석성면,증산리
폐광,금속,석창,충남,부여군,석성면,현내리
폐광,금속,석성,충남,부여군,석성면,현내리
폐광,금속,중광,충남,부여군,세도면,화수리
폐광,금속,우성,충남,부여군,양화면,초왕리
폐광,비금속,정풍,충남,부여군,양화면,초왕리
폐광,비금속,옥산,충남,부여군,옥산면,신안리
폐광,비금속,천호,충남,부여군,외산면,만수리
폐광,석탄,광성,충남,부여군,외산면,문신리
폐광,비금속,(가)외산,충남,부여군,외산면,반교리
폐광,석탄,신흥,충남,부여군,외산면,반교리
폐광,금속,(가)비암리,충남,부여군,외산면,삼산리
폐광,석탄,비암,충남,부여군,외산면,비암리
폐광,석탄,거보,충남,부여군,외산면,삼산리
폐광,금속,근암,충남,부여군,외산면,수신리
폐광,석탄,동명,충남,부여군,외산면,수신리
폐광,석탄,동룡-선풍,충남,부여군,외산면,장항리
폐광,비금속,부여녹옥,충남,부여군,외산면,지선리
폐광,석탄,우량,충남,부여군,외산면,지선리
폐광,금속,삼성,경기,양평군,양동면,고송리
폐광,비금속,동원,충남,부여군,은산면,가중리
폐광,금속,거금,충남,부여군,은산면,거전리
폐광,금속,은산,충남,부여군,은산면,합수리
폐광,석탄,은산탄광,충남,부여군,은산면,합수리
폐광,금속,(가)발산리,충남,부여군,임천면,가신리
폐광,금속,양명,충남,부여군,임천면,점리
폐광,금속,(가)군사리1,충남,부여군,임천면,군사2리
폐광,금속,(가)군사리2,충남,부여군,임천면,군사리
폐광,금속,(가)군사리3,충남,부여군,임천면,군사리
폐광,금속,영소,충남,부여군,임천면,만사리
폐광,금속,안치,충남,부여군,임천면,점리
폐광,금속,임천덕영,충남,부여군,임천면,점리
폐광,금속,영덕,충남,부여군,장암면,원문리
폐광,금속,추부,충남,부여군,장암면,지토리
폐광,금속,삼흥,충남,부여군,장암면,점상리
폐광,금속,(가)덕림1,충남,부여군,장암면,점상리
폐광,금속,(가)덕림사금,충남,부여군,장암면,점상리
폐광,금속,덕림,충남,부여군,장암면,점상리
폐광,비금속,덕림장석,충남,부여군,장암면,점상리
폐광,금속,동신,충남,부여군,장암면,점상리
폐광,금속,(가)구일,충남,부여군,장암면,정암리
폐광,금속,임천,충남,부여군,장암면,지토리
폐광,금속,남산1,충남,부여군,초촌면,세탑리
폐광,금속,남산2,충남,부여군,초촌면,세탑리
폐광,금속,논산,충남,부여군,초촌면,송정리
폐광,금속,신진,충남,부여군,초촌면,신암리
폐광,비금속,부광,충남,부여군,초촌면,응평리
폐광,금속,삼우,충남,부여군,초촌면,진호리
폐광,금속,(가)만사,충남,부여군,충화면,만지리
폐광,금속,노승,충남,부여군,충화면,만지리
폐광,금속,금박,충남,부여군,충화면,만지리
폐광,금속,대보,충남,부여군,충화면,지석리
폐광,금속,(가)상천2,충남,부여군,홍산면,상천리
폐광,금속,(가)단산,충남,부여군,홍산면,토정리
폐광,금속,홍엽,충남,부여군,홍산면,홍양리
폐광,비금속,(가)남정리,충남,서산시,고북면,남정리
폐광,금속,(가)신상리,충남,서산시,고북면,신상리
폐광,비금속,해미,충남,서산시,고북면,신상리
폐광,비금속,풍산흑연,충남,서산시,고북면,신송리
폐광,비금속,부광,충남,서산시,고북면,양천리
폐광,비금속,삼안질석,충남,서산시,대산읍,기은리
폐광,비금속,광천,충남,서산시,대산읍,대로리
폐광,비금속,대로,충남,서산시,대산읍,대로리
폐광,비금속,대산,충남,서산시,대산읍,대로리
폐광,비금속,대창,충남,서산시,대산읍,대로리
폐광,비금속,영진석회광업,충남,서산시,대산읍,대로리
폐광,비금속,헌일광업,충남,서산시,대산읍,대로리
폐광,비금속,범진광업,충남,서산시,대산읍,대죽리
폐광,비금속,금단규사,충남,서산시,대산읍,독곶리
폐광,비금속,대산규석,충남,서산시,대산읍,독곶리
폐광,비금속,성형운모,충남,서산시,대산읍,독곶리
폐광,비금속,현서운모,충남,서산시,대산읍,독곶리
폐광,비금속,화금산,충남,서산시,대산읍,독곶리
폐광,비금속,(가)망일산2,충남,서산시,대산읍,영탑리
폐광,비금속,영탑,충남,서산시,대산읍,영탑리
폐광,비금속,영탑석회석,충남,서산시,대산읍,영탑리
폐광,비금속,(가)대산운모1,충남,서산시,대산읍,오지리
폐광,비금속,대산운모,충남,서산시,대산읍,오지리
폐광,비금속,비봉,충남,서산시,대산읍,오지리
폐광,비금속,(가)망일산3,충남,서산시,대산읍,운산리
폐광,비금속,(가)망일산5,충남,서산시,대산읍,운산리
폐광,비금속,(가)운산리,충남,서산시,대산읍,운산리
폐광,비금속,대산고령토,충남,서산시,대산읍,운산리
폐광,비금속,대우광업,충남,서산시,대산읍,운산리
폐광,비금속,부원개발,충남,서산시,대산읍,운산리
폐광,비금속,대산,충남,서산시,대산읍,대로리
폐광,비금속,(가)망일산4,충남,서산시,대산읍,화곡리
폐광,비금속,망일산,충남,서산시,대산읍,화곡리
폐광,비금속,부석고령토,충남,서산시,부석면,가사리
폐광,비금속,영진광업소,충남,서산시,인지면,애정리
폐광,비금속,부석,충남,서산시,인지면,모월리
폐광,비금속,광암규석,충남,서산시,부석면,창리
폐광,비금속,(가)부석1,충남,서산시,부석면,취평리
폐광,비금속,칠성,충남,서산시,부석면,취평리
폐광,금속,(가)국유,충남,서산시,성연면,명천리
폐광,비금속,백암도석,충남,서산시,운산면,수당리
폐광,비금속,운산도석,충남,서산시,운산면,수당리
폐광,비금속,서운,충남,서산시,운산면,수평리
폐광,금속,(가)운산1,충남,서산시,운산면,용현리
폐광,금속,운산,충남,서산시,운산면,용현리
폐광,비금속,백암도석,충남,서산시,운산면,원평리
폐광,비금속,서해규석,충남,서산시,운산면,원평리
폐광,비금속,운산규석,충남,서산시,운산면,팔중리
폐광,금속,(가)금강산,충남,서산시,인지면,성리
폐광,금속,(가)대요리,충남,서산시,지곡면,대요리
폐광,비금속,서산,충남,서산시,지곡면,환성리
폐광,금속,서성,충남,서산시,지곡면,도성리
폐광,금속,(가)서산1,충남,서산시,지곡면,산성리
폐광,금속,지왕,충남,서산시,지곡면,중왕리
폐광,금속,(가)환성리,충남,서산시,지곡면,환성리
폐광,비금속,영남,충남,서산시,지곡면,환성리
폐광,비금속,팔봉,충남,서산시,팔봉면,양길리
폐광,비금속,부곡,충남,서산시,팔봉면,진장리
폐광,비금속,해미,충남,서산시,해미면,삼송리
폐광,금속,(가)해미대명1,충남,서산시,해미면,산수리
폐광,금속,(가)해미대명2,충남,서산시,해미면,산수리
폐광,금속,대해미,충남,서산시,해미면,산수리
폐광,금속,대성남포탄광,충남,서산시,해미면,삼송리
폐광,금속,광진광업,충남,서산시,해미면,휴암리
폐광,비금속,산호실업,충남,서산시,해미면,휴암리
폐광,금속,해미,충남,서산시,해미면,휴암리
폐광,금속,(가)금학,충남,서산시,갈산동,
폐광,금속,(가)동문,충남,서산시,갈산동,
폐광,석탄,서림,충남,서천군,종천면,산천리
폐광,석탄,천부,충남,서천군,종천면,산천리
폐광,금속,(가)가공리,충남,서천군,기산면,가공리
폐광,비금속,(가)영모리,충남,서천군,기산면,영모리
폐광,비금속,서해,충남,서천군,마산면,소야리
폐광,비금속,송석고령토,충남,서천군,마서면,송석리
폐광,금속,서천,충남,서천군,문산면,북산리
폐광,비금속,홍보광업문산,충남,서천군,문산면,은곡리
폐광,비금속,서천,충남,서천군,문산면,지원리
폐광,석탄,옥수,충남,서천군,비인면,관리
폐광,석탄,월명,충남,서천군,비인면,관리
폐광,금속,덕치,충남,서천군,비인면,구복리
폐광,금속,구복,충남,서천군,비인면,남당리
폐광,비금속,비인고령토,충남,서천군,비인면,다사리
폐광,비금속,서천,충남,서천군,비인면,칠지리
폐광,비금속,삼진,충남,서천군,시초면,태성리
폐광,비금속,대옥-보성,충남,서천군,장항읍,성주리
폐광,금속,덕흥,충남,서천군,종천면,신검리
폐광,비금속,원진개발,충남,서천군,종천면,신검리
폐광,석탄,한일,충남,서천군,판교면,심동리
폐광,비금속,(가)판교리,충남,서천군,판교면,판교리
폐광,석탄,(가)옥포리,충남,서천군,화양면,옥포리
폐광,비금속,삼화,충남,서천군,화양면,추동리
폐광,금속,도고,충남,아산시,도고면,효자리
폐광,금속,(가)계룡,충남,아산시,둔포면,운교리
폐광,금속,성남,충남,아산시,배방읍,휴대리
폐광,금속,(가)삼방,충남,아산시,배방읍,중리
폐광,금속,(가)중2리,충남,아산시,배방읍,중리
폐광,금속,"(가)승흥,성남",충남,아산시,배방읍,휴대리
폐광,금속,(가)군덕리,충남,아산시,선장면,군덕리
폐광,금속,선장,충남,아산시,선장면,신성리
폐광,비금속,화성장석,충남,아산시,선장면,죽산리
폐광,비금속,장고도규사,충남,아산시,송악면,강당리
폐광,금속,용정,충남,아산시,송악면,거산리
폐광,비금속,태백,충남,아산시,송악면,거산리
폐광,비금속,광덕,충남,아산시,송악면,마곡리
폐광,비금속,충남,충남,아산시,송악면,마곡리
폐광,금속,금보,충남,아산시,송악면,외암리
폐광,금속,설화,충남,아산시,송악면,외암리
폐광,비금속,산양광업소,충남,아산시,염치읍,강청리
폐광,비금속,(가)대동석회석2,충남,아산시,염치읍,대동리
폐광,비금속,온양장석,충남,아산시,염치읍,서원리
폐광,비금속,아산,충남,아산시,염치읍,염성리
폐광,금속,아산,충남,아산시,영인면,아산리
폐광,비금속,대동석회석,충남,아산시,염치읍,대동리
폐광,비금속,천일아산,충남,아산시,음봉면,덕지리
폐광,비금속,온양장석,충남,아산시,음봉면,신수리
폐광,비금속,아산,충남,아산시,음봉면,쌍암리
폐광,금속,(가)도흥리,충남,아산시,인주면,도흥리
폐광,금속,(가)문방리,충남,아산시,인주면,문방리
폐광,비금속,(가)온양장석,충남,아산시,탕정면,용두리
폐광,비금속,신도활석,충남,아산시,탕정면,용두리
폐광,비금속,신보고령토,충남,아산시,배미동,
폐광,비금속,경우고령토,충남,아산시,온천동,
폐광,금속,(가)읍내동,충남,아산시,읍내동,
폐광,금속,(가)좌부리,충남,아산시,좌부동,
폐광,금속,금영,세종,,금남면,금천리
폐광,금속,금천,세종,,금남면,금천리
폐광,비금속,(가)박산리,세종,,금남면,박산리
폐광,비금속,대평,세종,,금남면,박산리
폐광,금속,국태,세종,,금남면,영대리
폐광,금속,금병,세종,,금남면,축산리
폐광,금속,(가)황룡리,세종,,금남면,황용리
폐광,금속,송원,세종,,가람동,
폐광,금속,장촌,세종,,소정면,고등리
폐광,금속,전동,세종,,전동면,보덕리
폐광,금속,(가)전의,세종,,전동면,송성리
폐광,금속,(가)송성리,세종,,전동면,송성리
폐광,금속,(가)청송리,세종,,전동면,청송리
폐광,금속,연기,세종,,전의면,서정리
폐광,금속,부전,세종,,전의면,신흥리
폐광,금속,전의(양덕),세종,,전의면,양곡리
폐광,금속,유천,세종,,전의면,유천리
폐광,비금속,고덕운모,충남,예산군,고덕면,대천리
폐광,금속,(가)몽곡리,충남,예산군,고덕면,몽곡리
폐광,비금속,(가)대천리,충남,예산군,고덕면,몽곡리
폐광,비금속,장재,충남,예산군,고덕면,몽곡리
폐광,비금속,승부,충남,예산군,고덕면,상궁리
폐광,금속,(가)예덕,충남,예산군,고덕면,지곡리
폐광,금속,(가)명일,충남,예산군,광시면,관음리
폐광,금속,예당,충남,예산군,광시면,신대리
폐광,금속,광보,충남,예산군,광시면,광시리
폐광,금속,왕봉,충남,예산군,광시면,대리
폐광,금속,(가)동산리,충남,예산군,광시면,동산리
폐광,금속,(가)동산리2,충남,예산군,광시면,동산리
폐광,비금속,흥동,충남,예산군,광시면,용두리
폐광,석탄,태삼,충남,예산군,광시면,미곡리
폐광,금속,금탄,충남,예산군,광시면,서초정리
폐광,금속,대마,충남,예산군,광시면,서초정리
폐광,석탄,대흥광업소,충남,예산군,광시면,서초정리
폐광,금속,(가)광시사금,충남,예산군,광시면,시목리
폐광,금속,신흥,충남,예산군,광시면,신흥리
폐광,비금속,미곡질석,충남,예산군,광시면,용두리
폐광,금속,예당광업,충남,예산군,광시면,월송리
폐광,금속,학영,충남,예산군,광시면,월송리
폐광,금속,(가)우성,충남,예산군,광시면,은사리
폐광,석탄,(가)백월,충남,예산군,광시면,장신리
폐광,금속,세광,충남,예산군,광시면,장전리
폐광,비금속,현용,충남,예산군,대술면,방산리
폐광,금속,대산,충남,예산군,대술면,이티리
폐광,금속,영창,충남,예산군,대술면,이티리
폐광,금속,대한준설,충남,예산군,대흥면,교촌리
폐광,금속,금석,충남,예산군,대흥면,금곡리
폐광,금속,(가)대률리,충남,예산군,대흥면,대률리
폐광,금속,요섭,충남,예산군,대흥면,대률리
폐광,석탄,흥업탄광,충남,예산군,대흥면,대률리
폐광,금속,대금,충남,예산군,대흥면,동서리
폐광,금속,대영,충남,예산군,대흥면,손지리
폐광,금속,광덕자원,충남,예산군,대흥면,하탄방리
폐광,금속,대덕,충남,예산군,신양면,대덕리
폐광,금속,수덕,충남,예산군,덕산면,대치리
폐광,비금속,금생수,충남,예산군,덕산면,대치리
폐광,비금속,(가)대치리,충남,예산군,덕산면,대치리
폐광,금속,대명,충남,예산군,덕산면,둔리
폐광,금속,오중,충남,예산군,덕산면,둔리
폐광,비금속,(가)신흥,충남,예산군,삽교읍,신가리
폐광,비금속,예산,충남,예산군,삽교읍,신가리
폐광,비금속,풍진,충남,예산군,삽교읍,신가리
폐광,비금속,동원예산,충남,예산군,삽교읍,하포리
폐광,비금속,동원소재신암광업소,충남,예산군,신암면,별리
폐광,금속,(가)삼광,충남,예산군,신양면,여래미리
폐광,금속,(가)광표사금,충남,예산군,신양면,귀곡리
폐광,금속,(가)박산미,충남,예산군,신양면,녹문리
폐광,금속,제2광표,충남,예산군,신양면,녹문리
폐광,비금속,대술광업,충남,예산군,대술면,농리
폐광,비금속,대덕,충남,예산군,덕산면,대치리
폐광,금속,(가)배약리,충남,예산군,신양면,서계양리
폐광,금속,삼당,충남,예산군,신양면,시왕리
폐광,금속,대양,충남,예산군,신양면,여래미리
폐광,금속,대영,충남,예산군,대흥면,손지리
폐광,금속,(가)영창,충남,예산군,신양면,하천리
폐광,비금속,청당활석,충남,예산군,신양면,하천리
폐광,비금속,대성세라믹,충남,예산군,오가면,역탑리
폐광,비금속,예산고령토광업사,충남,예산군,오가면,역탑리
폐광,비금속,코세콤,충남,예산군,오가면,좌방리
폐광,비금속,응봉석회석,충남,예산군,응봉면,운곡리
폐광,금속,대도,충남,예산군,응봉면,주령리
폐광,비금속,응봉,충남,예산군,응봉면,지석리
폐광,금속,무학,충남,천안시 동남구,광덕면,무학리
폐광,비금속,녹도규사,충남,천안시 동남구,광덕면,보산원리
폐광,금속,일신광업소,충남,천안시 동남구,구성동,
폐광,금속,천안,충남,천안시 동남구,구성동,
폐광,금속,영창,충남,천안시 동남구,쌍용동,
폐광,금속,태을,충남,천안시 동남구,봉명동,
폐광,금속,신부,충남,천안시 동남구,신부동,
폐광,금속,(가)문암1,충남,천안시 동남구,안서동,
폐광,금속,(가)문암2,충남,천안시 동남구,안서동,
폐광,금속,(가)삼흥,충남,천안시 동남구,안서동,
폐광,금속,(가)안서동,충남,천안시 동남구,안서동,
폐광,금속,(가)충남,충남,천안시 동남구,안서동,
폐광,금속,(가)흥국,충남,천안시 동남구,안서동,
폐광,금속,(가)구성동,충남,천안시 동남구,원성동,
폐광,금속,(가)유량2,충남,천안시 동남구,유량동,
폐광,금속,(가)유량3,충남,천안시 동남구,유량동,
폐광,금속,수창,충남,천안시 동남구,유량동,
폐광,금속,유량1,충남,천안시 동남구,유량동,
폐광,금속,유량4,충남,천안시 동남구,유량동,
폐광,금속,청당,충남,천안시 동남구,청수동,
폐광,금속,덕성,충남,천안시 동남구,동면,덕성리
폐광,금속,(가)대동,충남,천안시 동남구,목천읍,석천리
폐광,금속,삼보,충남,천안시 동남구,목천읍,송전리
폐광,금속,병천,충남,천안시 동남구,병천면,가전리
폐광,금속,"은석,은암",충남,천안시 동남구,병천면,병천리
폐광,비금속,삼원질석,충남,천안시 동남구,병천면,봉항리
폐광,금속,(가)태흥(성거),충남,천안시 동남구,북면,납안리
폐광,금속,삼성,경기,양평군,청운면,갈운리
폐광,금속,(가)싸리목,충남,천안시 동남구,북면,납안리
폐광,금속,만광,충남,천안시 동남구,북면,납안리
폐광,금속,대평,충남,천안시 동남구,북면,대평리
폐광,금속,(가)성남2,충남,천안시 동남구,북면,매송리
폐광,금속,운용,충남,천안시 동남구,북면,운용리
폐광,금속,은석,충남,천안시 동남구,북면,은지리
폐광,금속,팔목다동,충남,천안시 동남구,북면,은지리
폐광,금속,(가)전곡리,충남,천안시 동남구,북면,전곡리
폐광,금속,(가)천진,충남,천안시 서북구,두정동,
폐광,금속,(가)신흥,충남,천안시 서북구,백석동,
폐광,금속,부대,충남,천안시 서북구,부대동,
폐광,금속,노태산,충남,천안시 서북구,백석동,
폐광,금속,대창,충남,천안시 서북구,성정동,
폐광,비금속,(가)선바위,충남,천안시 서북구,업성동,
폐광,금속,(가)송남,충남,천안시 서북구,성거읍,문덕리
폐광,금속,천안삼흥,충남,천안시 서북구,성거읍,삼곡리
폐광,금속,신흥,충남,천안시 서북구,성거읍,송남리
폐광,금속,(가)남창,충남,천안시 서북구,성거읍,송남리
폐광,금속,(가)천보3,충남,천안시 서북구,성거읍,송남리
폐광,금속,금림,충남,천안시 서북구,성거읍,요방리
폐광,금속,(가)남천,충남,천안시 서북구,성거읍,정촌리
폐광,금속,천존,충남,천안시 서북구,성거읍,정촌리
폐광,금속,(가)문수동,충남,천안시 서북구,성거읍,천흥리
폐광,금속,(가)천흥1,충남,천안시 서북구,성거읍,천흥리
폐광,금속,(가)천흥2,충남,천안시 서북구,성거읍,천흥리
폐광,금속,대흥,충남,천안시 서북구,성거읍,천흥리
폐광,금속,대흥(성거),충남,천안시 서북구,성거읍,천흥리
폐광,금속,대흥1,충남,천안시 서북구,성거읍,천흥리
폐광,금속,복덕,충남,천안시 서북구,성거읍,천흥리
폐광,금속,성거,충남,천안시 서북구,성거읍,천흥리
폐광,비금속,천안장석광업소,충남,천안시 서북구,성거읍,천흥리
폐광,금속,천흥,충남,천안시 동남구,성남면,석곡리
폐광,비금속,정용광업소,충남,천안시 동남구,성남면,신사리
폐광,금속,(가)도하리,충남,천안시 서북구,성환읍,도하리
폐광,금속,대흥,충남,천안시 서북구,성환읍,도하리
폐광,금속,(가)성환,충남,천안시 서북구,성환읍,매주리
폐광,금속,매곡,충남,천안시 서북구,성환읍,매주리
폐광,금속,성관,충남,천안시 서북구,성환읍,성월리
폐광,금속,율금,충남,천안시 서북구,성환읍,송덕리
폐광,비금속,재향,충남,천안시 서북구,성환읍,수향리
폐광,금속,안전,충남,천안시 서북구,성환읍,우신리
폐광,금속,명화,충남,천안시 서북구,직산읍,상덕리
폐광,금속,운주,충남,천안시 동남구,수신면,백자리
폐광,금속,예산광업소,충남,천안시 동남구,수신면,속창리
폐광,비금속,(가)장산리,충남,천안시 동남구,수신면,장산리
폐광,비금속,(가)해정리,충남,천안시 동남구,수신면,해정리
폐광,금속,윤국,충남,천안시 서북구,입장면,가산리
폐광,금속,천보,충남,천안시 서북구,입장면,기로리
폐광,금속,서교,충남,천안시 서북구,입장면,도림리
폐광,금속,영산,충남,천안시 서북구,성환읍,도하리
폐광,금속,창신,충남,천안시 서북구,입장면,가산리
폐광,금속,(가)시장리,충남,천안시 서북구,입장면,시장리
폐광,금속,아성개발,충남,천안시 서북구,입장면,시장리
폐광,금속,오목,충남,천안시 서북구,입장면,시장리
폐광,금속,천안제일,충남,천안시 서북구,입장면,시장리
폐광,금속,평택17호,충남,천안시 서북구,입장면,시장리
폐광,금속,입성,충남,천안시 서북구,입장면,신두리
폐광,금속,(가)천보1,충남,천안시 서북구,입장면,양대리
폐광,금속,일보,충남,천안시 서북구,입장면,양대리
폐광,금속,성흥,충남,천안시 서북구,입장면,호당리
폐광,금속,시장,충남,천안시 서북구,입장면,호당리
폐광,금속,(가)천보,충남,천안시 서북구,입장면,호당리
폐광,금속,(가)호당,충남,천안시 서북구,입장면,호당리
폐광,금속,성안,충남,천안시 서북구,입장면,산정리
폐광,금속,(가)군서리,충남,천안시 서북구,직산읍,군서리
폐광,금속,(가)새터,충남,천안시 서북구,직산읍,군서리
폐광,금속,(가)마정리,충남,천안시 서북구,직산읍,마정리
폐광,금속,대성,충남,천안시 서북구,직산읍,모시리
폐광,금속,(가)성은,충남,천안시 서북구,직산읍,부송리
폐광,금속,진활미,충남,천안시 서북구,직산읍,판정리
폐광,금속,직산,충남,천안시 서북구,직산읍,판정리
폐광,금속,상산,충남,천안시 동남구,풍세면,남관리
폐광,금속,토리아,충남,천안시 동남구,풍세면,보성리
폐광,석탄,성진,충남,청양군,대치면,광금리
폐광,금속,구봉,충남,청양군,남양면,구룡리
폐광,금속,금봉,충남,청양군,남양면,금정리
폐광,금속,금정리,충남,청양군,남양면,금정리
폐광,금속,(가)대봉리,충남,청양군,남양면,대봉리
폐광,비금속,대남규석,충남,청양군,남양면,온암리
폐광,금속,대봉,충남,청양군,남양면,대봉리
폐광,비금속,매곡,충남,청양군,남양면,매곡리
폐광,비금속,청옥,충남,청양군,남양면,매곡리
폐광,비금속,태원,충남,청양군,남양면,매곡리
폐광,금속,(가)백금리,충남,청양군,남양면,백금리
폐광,석탄,월산대월,충남,청양군,남양면,백금리
폐광,금속,(가)봉암2,충남,청양군,남양면,봉암리
폐광,금속,(가)봉암1,충남,청양군,남양면,봉암리
폐광,비금속,온암,충남,청양군,남양면,온암리
폐광,금속,(가)글치기,충남,청양군,남양면,온암리
폐광,금속,온암,충남,청양군,남양면,온암리
폐광,금속,(가)용마,충남,청양군,남양면,용마리
폐광,금속,충청,충남,청양군,청양읍,장승리
폐광,비금속,대동활석,충남,청양군,남양면,흥산리
폐광,비금속,대성,충남,청양군,남양면,흥산리
폐광,비금속,구봉,충남,청양군,남양면,흥산리
폐광,비금속,명흥,충남,청양군,남양면,흥산리
폐광,비금속,태원,충남,청양군,남양면,흥산리
폐광,금속,(가)개미,충남,청양군,대치면,이화리
폐광,금속,(가)금광광업소,충남,청양군,대치면,작천리
폐광,금속,작천,충남,청양군,대치면,장곡리
폐광,비금속,대치석회석,충남,청양군,대치면,주정리
폐광,비금속,청보석회석,충남,청양군,대치면,주정리
폐광,비금속,칠성광업소,충남,청양군,대치면,주정리
폐광,비금속,비봉,충남,청양군,비봉면,강정리
폐광,비금속,비봉사문석,충남,청양군,비봉면,강정리
폐광,비금속,광시규석,충남,청양군,비봉면,관산리
폐광,비금속,(가)양사,충남,청양군,비봉면,양사리
폐광,비금속,삼화질석,충남,청양군,비봉면,양사리
폐광,금속,삼량,충남,청양군,비봉면,용천리
폐광,비금속,용천질석,충남,청양군,비봉면,용천리
폐광,금속,삼광,충남,청양군,운곡면,신대리
폐광,금속,(가)미량리(토금)광산,충남,청양군,운곡면,미량리
폐광,금속,미량,충남,청양군,운곡면,영양리
폐광,금속,대흥,충남,청양군,운곡면,추광리
폐광,비금속,충남활석,충남,청양군,운곡면,추광리
폐광,비금속,화성장석,충남,청양군,운곡면,추광리
폐광,금속,청양,충남,청양군,장평면,관현리
폐광,금속,미당,충남,청양군,장평면,미당리
폐광,금속,(가)소화,충남,청양군,장평면,은곡리
폐광,금속,도림,충남,청양군,장평면,적곡리
폐광,금속,청양,충남,청양군,장평면,화산리
폐광,금속,(가)앵화동금,충남,청양군,장평면,화산리
폐광,금속,망월산,충남,청양군,장평면,화산리
폐광,금속,앵화동,충남,청양군,장평면,화산리
폐광,석탄,(가)산성리,충남,홍성군,장곡면,산성리
폐광,금속,(가)삼봉,충남,청양군,정산면,내초리
폐광,금속,구곡,충남,청양군,정산면,내초리
폐광,금속,(가)마치리,충남,청양군,정산면,마치리
폐광,금속,제2삼성,경기,양평군,청운면,
폐광,금속,상보,충남,청양군,정산면,천장리
폐광,금속,(가)군량리,충남,청양군,청양읍,군량리
폐광,비금속,대일,충남,청양군,청양읍,송방리
폐광,비금속,(가)청수리,충남,청양군,청양읍,청수리
폐광,비금속,경동석회석,충남,청양군,청양읍,청수리
폐광,비금속,(가)학당리,충남,청양군,청양읍,학당리
폐광,비금속,중앙,충남,청양군,청양읍,학당리
폐광,비금속,동척,충남,청양군,화성면,광평리
폐광,금속,봉산,충남,청양군,화성면,구재리
폐광,비금속,장계광업소,충남,청양군,화성면,산정리
폐광,금속,(가)신정리1,충남,청양군,화성면,신정리
폐광,금속,(가)신정리2,충남,청양군,화성면,신정리
폐광,비금속,(가)화성장석,충남,청양군,화성면,화강리
폐광,금속,신아산업영목,충남,태안군,고남면,고남리
폐광,비금속,(가)안면도장곡리규사,충남,태안군,고남면,장곡리
폐광,비금속,한흥규사,충남,태안군,고남면,장곡리
폐광,비금속,(가)도황리,충남,태안군,근흥면,도황리
폐광,금속,(가)영동,충남,태안군,근흥면,신진도리
폐광,비금속,안면도규사,충남,태안군,근흥면,신진도리
폐광,비금속,(가)서산1,충남,태안군,근흥면,용신리
폐광,비금속,서원근흥,충남,태안군,근흥면,정죽리
폐광,비금속,충남,충남,태안군,근흥면,정죽리
폐광,비금속,충남규석,충남,태안군,근흥면,정죽리
폐광,비금속,신흥,충남,태안군,남면,당암리
폐광,비금속,은성,충남,태안군,남면,신온리
폐광,금속,금배,충남,태안군,소원면,소근리
폐광,금속,소원금,충남,태안군,소원면,소근리
폐광,비금속,태명,충남,태안군,소원면,소근리
폐광,비금속,태명고령토,충남,태안군,소원면,소근리
폐광,비금속,만리포,충남,태안군,소원면,송현리
폐광,비금속,소원,충남,태안군,소원면,신덕리
폐광,비금속,신덕,충남,태안군,소원면,신덕리
폐광,비금속,신두규사,충남,태안군,원북면,신두리
폐광,비금속,신한광업소,충남,태안군,소원면,의항리
폐광,금속,의항,충남,태안군,소원면,의항리
폐광,비금속,방포,충남,태안군,안면읍,승언리
폐광,비금속,승언리,충남,태안군,안면읍,승언리
폐광,비금속,제일,충남,태안군,안면읍,승언리
폐광,비금속,중왕,충남,태안군,안면읍,승언리
폐광,비금속,한신,충남,태안군,안면읍,승언리
폐광,비금속,대명규사,충남,태안군,안면읍,신야리
폐광,비금속,벧엘,충남,태안군,안면읍,중장리
폐광,금속,(가)반계철,충남,태안군,원북면,반계리
폐광,비금속,이곡규사,충남,태안군,원북면,방갈리
폐광,비금속,서산연규석,충남,태안군,이원면,사창리
폐광,금속,유봉,충남,태안군,원북면,신두리
폐광,비금속,(가)청산리석면,충남,태안군,원북면,청산리
폐광,비금속,명석1,충남,태안군,원북면,청산리
폐광,비금속,명석2,충남,태안군,원북면,청산리
폐광,금속,명우,충남,천안시 서북구,직산읍,남산리
폐광,비금속,명석4,충남,태안군,원북면,청산리
폐광,비금속,영진,충남,태안군,원북면,청산리
폐광,비금속,월북,충남,태안군,원북면,청산리
폐광,금속,이북,충남,태안군,이원면,포지리
폐광,금속,이북,충남,태안군,이원면,포지리
폐광,비금속,방포규사,충남,태안군,안면읍,정당리
폐광,금속,(가)어은리,충남,태안군,태안읍,어은리
폐광,비금속,(가)서산규사,충남,태안군,태안읍,인평리
폐광,석탄,한신,충남,홍성군,장곡면,산성리
폐광,석탄,예산,충남,홍성군,장곡면,천태리
폐광,비금속,(가)가곡리,충남,홍성군,갈산면,가곡리
폐광,비금속,(가)홍주광업소,충남,홍성군,갈산면,가곡리
폐광,비금속,문영,충남,홍성군,갈산면,가곡리
폐광,금속,홍주광업소,충남,홍성군,갈산면,갈오리
폐광,금속,(가)결성,충남,홍성군,갈산면,기산리
폐광,금속,삼보,충남,홍성군,갈산면,내갈리
폐광,비금속,풍산,충남,홍성군,갈산면,취생리
폐광,금속,갈산,충남,홍성군,갈산면,행산리
폐광,금속,삼성,경기,여주시,금사면,장흥리
폐광,금속,(가)원무량,충남,홍성군,결성면,무량리
폐광,비금속,결성활석,충남,홍성군,결성면,성남리
폐광,금속,철마,충남,홍성군,결성면,용호리
폐광,금속,구만,충남,홍성군,광천읍,내죽리
폐광,비금속,대광활석,충남,홍성군,광천읍,담산리
폐광,금속,황보,충남,홍성군,광천읍,담산리
폐광,비금속,사동규사,충남,홍성군,광천읍,대평리
폐광,비금속,(가)매현리,충남,홍성군,광천읍,매현리
폐광,비금속,광천,충남,홍성군,광천읍,상정리
폐광,비금속,대흥1,충남,홍성군,광천읍,상정리
폐광,금속,(가)황보,충남,홍성군,광천읍,가정리
폐광,금속,보원,충남,홍성군,광천읍,옹암리
폐광,금속,삼산,충남,홍성군,광천읍,옹암리
폐광,금속,금호,충남,홍성군,광천읍,월림리
폐광,비금속,월림,충남,홍성군,광천읍,월림리
폐광,비금속,한서,충남,홍성군,광천읍,월림리
폐광,비금속,홍성장석,충남,홍성군,구항면,내현리
폐광,비금속,(가)신곡리,충남,홍성군,구항면,신곡리
폐광,비금속,(가)청광사문석,충남,홍성군,구항면,청광리
폐광,금속,청광,충남,홍성군,구항면,청광리
폐광,비금속,홍성,충남,홍성군,구항면,청광리
폐광,금속,(가)가산리,충남,홍성군,금마면,가산리
폐광,금속,(가)인산리,충남,홍성군,금마면,인산리
폐광,금속,무량,충남,홍성군,금마면,인산리
폐광,비금속,인산,충남,홍성군,금마면,인산리
폐광,금속,영우,충남,홍성군,금마면,화양리
폐광,금속,(가)이호리,충남,홍성군,서부면,이호리
폐광,금속,황룡,충남,홍성군,서부면,이호리
폐광,금속,결성,충남,홍성군,서부면,판교리
폐광,비금속,은하,충남,홍성군,은하면,금국리
폐광,금속,대판,충남,홍성군,은하면,목현리
폐광,금속,삼응,충남,홍성군,은하면,덕실리
폐광,금속,홍덕,충남,홍성군,은하면,덕실리
폐광,비금속,(가)목현흑연,충남,홍성군,은하면,목현리
폐광,비금속,(가)구남창,충남,홍성군,은하면,장척리
폐광,비금속,동양질석,충남,홍성군,은하면,장척리
폐광,금속,(가)화봉리,충남,홍성군,은하면,화봉리
폐광,금속,(가)대현리1,충남,홍성군,장곡면,대현리
폐광,금속,(가)대현리2,충남,홍성군,장곡면,대현리
폐광,금속,대현,충남,홍성군,장곡면,대현리
폐광,금속,신동,충남,홍성군,장곡면,대현리
폐광,금속,홍성제2,충남,홍성군,장곡면,산성리
폐광,금속,(가)명진,충남,홍성군,장곡면,상송리
폐광,금속,(가)상송리,충남,홍성군,장곡면,상송리
폐광,금속,거봉,충남,홍성군,장곡면,상송리
폐광,금속,황화,충남,홍성군,장곡면,신풍리
폐광,금속,(가)오성리,충남,홍성군,장곡면,오성리
폐광,금속,월계,충남,홍성군,장곡면,월계리
폐광,금속,(가)홍성금산,충남,홍성군,장곡면,지정리
폐광,금속,천우,충남,홍성군,장곡면,행정리
폐광,비금속,홍동2,충남,홍성군,홍동면,금당리
폐광,금속,(가)서초정리,충남,예산군,광시면,서초정리
폐광,금속,광천사금,충남,홍성군,홍동면,문당리
폐광,금속,홍덕,충남,홍성군,홍동면,문당리
폐광,비금속,월현장석,충남,홍성군,홍동면,월현리
폐광,비금속,홍동1,충남,홍성군,홍동면,월현리
폐광,금속,금당리,충남,홍성군,홍동면,효학리
폐광,금속,화양,충남,홍성군,홍북읍,내덕리
폐광,금속,(가)상하리,충남,홍성군,홍북읍,상하리
폐광,금속,(가)용봉,충남,홍성군,홍북읍,상하리
폐광,금속,(가)이동,충남,홍성군,홍북읍,상하리
폐광,금속,산보,충남,홍성군,홍북읍,상하리
폐광,금속,일월산,충남,홍성군,홍북읍,상하리
폐광,금속,금마천,충남,홍성군,홍북읍,용산리
폐광,금속,(가)중계리,충남,홍성군,홍북읍,중계리
폐광,금속,(가)홍성73호,충남,홍성군,홍북읍,중계리
폐광,금속,신흥,충남,홍성군,홍북읍,중계리
폐광,금속,홍일,충남,홍성군,홍북읍,중계리
폐광,금속,청성,충남,홍성군,홍성읍,고암리
폐광,금속,금답,충남,홍성군,홍성읍,내법리
폐광,금속,금답,충남,홍성군,홍성읍,내법리
폐광,비금속,충남,충남,홍성군,홍성읍,송월리
폐광,비금속,(가)신성1,충남,홍성군,홍성읍,신성리
폐광,금속,금풍,충남,홍성군,홍북읍,용산리
폐광,비금속,화동,충북,옥천군,청산면,명티리
폐광,금속,(가)비암리,충남,부여군,외산면,비암리
폐광,비금속,신흥광산,충북,제천시,송학면,시곡리
폐광,비금속,태화광업소,충북,단양군,영춘면,오사리
폐광,비금속,보덕,충남,보령시,청소면,성연리
폐광,석탄,(가)장림리,충북,단양군,대강면,장림리
폐광,금속,(가리)영보,충북,영동군,영동읍,가리
폐광,금속,가리,충북,영동군,영동읍,가리
폐광,금속,거금,충남,부여군,은산면,거전리
폐광,금속,경명광업,충남,청양군,운곡면,신대리
폐광,비금속,그린산업개발,충북,음성군,소이면,문등리
폐광,비금속,삼성산업,경기,화성시,우정읍,
폐광,금속,논산동리,충남,논산시,가야곡면,등리
폐광,비금속,대남광산,충남,청양군,남양면,대봉리
폐광,금속,대덕,충남,예산군,신양면,대덕리
폐광,비금속,대덕석회,충남,당진시,당진읍,읍내리
폐광,석탄,대보,충남,보령시,성주면,성주리
폐광,금속,대산,충남,예산군,대술면,이치2리
폐광,금속,대영,충남,예산군,신양면,죽천리
폐광,비금속,대일,충남,청양군,청양읍,학당리
폐광,금속,대화,충북,충주시,앙성면,능암리
폐광,비금속,대화,충북,단양군,영춘면,사지원리
폐광,금속,덕동,충북,제천시,백운면,덕동리
폐광,금속,덕산,충북,제천시,덕산면,도전리
폐광,비금속,두원산업,충북,제천시,수산면,오티리
폐광,석탄,만우,충남,논산시,벌곡면,수락리
폐광,금속,만정(만적),충북,충주시,이류면,두정리
폐광,석탄,무명1,충남,부여군,,
폐광,금속,무명2,충북,옥천군,군북면,추소리
폐광,금속,범진,충북,괴산군,사리면,이곡리
폐광,비금속,보령광업,충남,보령시,웅천읍,관당리
폐광,금속,삼봉,충북,영동군,영동읍,당곡리
폐광,금속,삼창,충남,청양군,장평면,적곡리
폐광,금속,상곡,충북,단양군,적성면,상원곡리
폐광,석탄,성주산,충남,보령시,성주면,성주리
폐광,비금속,신영광산,충북,제천시,두학동,
폐광,금속,안전(구봉.대봉),충남,청양군,사양,
폐광,석탄,애곡,충북,단양군,적성면,
폐광,석탄,영보(대풍),충북,보령시,청라면,
폐광,석탄,영풍,충북,단양군,,
폐광,금속,오목,충남,천안시,성거읍,천흥리
폐광,금속,오복(중원),충북,충주시,소태면,복탄리
폐광,비금속,옥천,충북,보은군,마로면,
폐광,석탄,원일,충북,단양군,영춘면,상리
폐광,비금속,유구(활석),충남,공주시,유구읍,추계리
폐광,금속,인정,충남,보령시,청소면,재정리
폐광,금속,임천덕영,충남,부여군,양화면,
폐광,금속,장재,충남,공주시,정안면,평정리
폐광,석탄,점동,충북,옥천군,,
폐광,비금속,제이에프,충남,홍성군,홍성읍,구룡리
폐광,금속,조일,충북,단양군,적성면,상원곡리
폐광,금속,주우진산,충남,금산군,진산면,석막리
폐광,비금속,진천광업,충북,진천군,진천읍,가산리
폐광,비금속,청산,충북,보은군,마로면,노천리1구
폐광,석탄,청양,충북,청양군,대치면,
폐광,비금속,청양질석,충남,청양군,비봉면,양사리
폐광,금속,초촌,충남,부여군,초촌면,연화리
폐광,금속,탄천,충남,공주시,탄천면,삼각리
폐광,석탄,태화,충남,보령시,미산면,봉성리
폐광,석탄,태화(오성),충남,보령시,미산면,늑전리
폐광,석탄,한보,충북,보은군,회인면,송평리
폐광,금속,형석(청천),충북,괴산군,청천면,
폐광,금속,홍성,충남,홍성군,홍북읍,신경리
폐광,금속,홍주광업소,충남,예산군,덕산면,낙상리
폐광,금속,수리,충북,제천시,수산면,수리
폐광,비금속,고려규사광산,충남,태안군,소원면,모항리
폐광,비금속,금포,충북,단양군,적성면,각기리
폐광,금속,남포광산,충남,보령시,주산면,금암리
폐광,비금속,대덕석회석광산,충남,당진시,채운동,
폐광,비금속,두야규석광산,충남,태안군,근흥면,두야리
폐광,금속,디에이치개발,충북,충주시,엄정면,유봉리
폐광,비금속,보령,충북,옥천군,청산면,만월리
폐광,비금속,비인광산,충남,서천군,판교면,상좌리
폐광,금속,세광산업,충남,예산군,대흥면,교촌리
폐광,비금속,세중개발,충남,아산시,음봉면,월랑리
폐광,비금속,신평산업,충남,당진시,신평면,한정리
폐광,금속,안면도사금,충남,홍성군,서부면,궁리
폐광,비금속,예산산성광산,충남,예산군,예산읍,산성리
폐광,비금속,인지광산,충남,서산시,부석면,강수리
폐광,비금속,태안규사,충남,태안군,소원면,의항리
폐광,비금속,홍성사문석,충남,홍성군,구항면,마온리
폐광,비금속,홍성활석,충남,홍성군,갈산면,가곡리
폐광,금속,성보,충북,증평군,증평읍,율리
폐광,석탄,운곡,충남,청양군,운곡면,신대리
폐광,금속,개곡,경기,가평군,가평읍,개곡리
폐광,비금속,당진,경기,가평군,가평읍,경반리
폐광,비금속,경일,경기,가평군,가평읍,두밀리
폐광,비금속,구미,경기,가평군,가평읍,두밀리
폐광,금속,(가)두밀리,경기,가평군,가평읍,두밀리
폐광,금속,금망,경기,가평군,가평읍,복장리
폐광,비금속,산유석회석,경기,가평군,가평읍,산유리
폐광,비금속,순덕,경기,가평군,가평읍,산유리
폐광,금속,상색,경기,가평군,가평읍,상색리
폐광,금속,가평,경기,가평군,가평읍,승안리
폐광,비금속,중상,경기,가평군,가평읍,승안리
폐광,비금속,가평,경기,가평군,가평읍,읍내리
폐광,비금속,가평석회석,경기,가평군,가평읍,이화리
폐광,비금속,비령대탄광,경기,가평군,가평읍,이화리
폐광,금속,대명동,경기,가평군,북면,도대리
폐광,비금속,삼화장석,경기,가평군,북면,목동리
폐광,비금속,이화광업소,경기,가평군,북면,목동리
폐광,비금속,제일장석,경기,가평군,조종면,상판리
폐광,비금속,반송,경기,가평군,북면,소법리
폐광,금속,가평,경기,가평군,북면,소법리
폐광,금속,삼기,경기,가평군,북면,소법리
폐광,비금속,호계,경기,가평군,북면,소법리
폐광,비금속,가평,경기,가평군,북면,적목리
폐광,비금속,적목,경기,가평군,북면,적목리
폐광,비금속,가덕규석,경기,가평군,북면,화악리
폐광,금속,삼양가평,경기,가평군,북면,화악리
폐광,금속,명지,경기,가평군,북면,화악리
폐광,금속,용석제일,경기,가평군,상면,덕현리
폐광,비금속,대성장석,경기,가평군,상면,봉수리
폐광,비금속,불기,경기,가평군,상면,상동리
폐광,금속,상동,경기,가평군,상면,상동리
폐광,비금속,덕남,경기,가평군,상면,태봉리
폐광,비금속,성은활석,경기,가평군,설악면,설곡리
폐광,비금속,가평석면,경기,가평군,설악면,위곡리
폐광,비금속,갑진,경기,가평군,설악면,위곡리
폐광,비금속,명진석면,경기,가평군,설악면,위곡리
폐광,비금속,우석광업사,경기,가평군,설악면,위곡리
폐광,비금속,(가)위곡리,경기,가평군,설악면,위곡리
폐광,금속,명보(부영),경기,가평군,청평면,대성리
폐광,비금속,송부,경기,가평군,청평면,대성리
폐광,비금속,유광-청평,경기,가평군,청평면,삼회리
폐광,비금속,경진,경기,가평군,청평면,상천리
폐광,금속,보성,경기,가평군,청평면,상천리
폐광,비금속,청평대리석,경기,가평군,청평면,상천리
폐광,금속,(가)호명리,경기,가평군,청평면,호명리
폐광,금속,대금산,경기,가평군,조종면,대보리
폐광,비금속,금덕,경기,가평군,조종면,마일리
폐광,금속,남왕,경기,가평군,조종면,마일리
폐광,금속,대보,경기,가평군,조종면,마일리
폐광,금속,삼부,경기,가평군,조종면,마일리
폐광,금속,"육청,보청",경기,가평군,조종면,마일리
폐광,비금속,가평몰리브덴,경기,가평군,조종면,상판리
폐광,비금속,경인,경기,가평군,조종면,상판리
폐광,비금속,삼영,경기,가평군,조종면,상판리
폐광,금속,수곡,경기,가평군,조종면,상판리
폐광,금속,구성,경기,가평군,조종면,신상리
폐광,비금속,운악,경기,가평군,조종면,신상리
폐광,금속,보정,경기,가평군,하면,하판리
폐광,비금속,장고,경기,고양시 덕양구,대자동,
폐광,비금속,원당,경기,고양시 덕양구,도내동,
폐광,비금속,한국,경기,고양시 덕양구,도내동,
폐광,금속,벽제,경기,고양시 덕양구,벽제동,
폐광,비금속,삼원,경기,고양시 덕양구,성사동,
폐광,비금속,천년,경기,고양시 덕양구,용두동,
폐광,금속,고양대일,경기,고양시 덕양구,향동동,
폐광,금속,고양,경기,고양시 일산동구,식사동,
폐광,금속,시흥(가학),경기,광명시,가학동,
폐광,비금속,중앙,경기,광명시,광명동,
폐광,비금속,경인,경기,광명시,옥길동,
폐광,비금속,오류,경기,광명시,옥길동,
폐광,비금속,석림,경기,광주시,남종면,이석리
폐광,비금속,유동,경기,광주시,도척면,도웅리
폐광,비금속,남한,경기,광주시,남한산성면,엄미리
폐광,비금속,신호,경기,광주시,남한산성면,엄미리
폐광,비금속,반월,경기,군포시,둔대동,
폐광,비금속,대동내화,경기,김포시,고촌읍,
폐광,비금속,대명,경기,김포시,대곶면,대명리
폐광,금속,(가)대명리,경기,김포시,대곶면,대명리
폐광,금속,김포,경기,김포시,대곶면,석정리
폐광,비금속,서선탄광,경기,김포시,대곶면,석정리
폐광,비금속,한흥납석,경기,김포시,대곶면,송마리
폐광,비금속,홍창,경기,김포시,대곶면,약암리
폐광,비금속,풍국,경기,김포시,양촌읍,구래리
폐광,비금속,신흥,경기,김포시,월곶면,갈산리
폐광,비금속,대성광업,경기,김포시,월곶면,고막리
폐광,비금속,세종기업,경기,김포시,월곶면,고양리
폐광,비금속,진원,경기,김포시,월곶면,고양리
폐광,금속,김포태국,경기,김포시,풍무동,
폐광,비금속,남양,경기,남양주시,수동면,송천리
폐광,금속,(가)덕소리,경기,남양주시,와부읍,덕소리
폐광,금속,금부,경기,남양주시,와부읍,도곡리
폐광,금속,예봉,경기,남양주시,와부읍,도곡리
폐광,비금속,동강,경기,남양주시,조안면,시우리
폐광,금속,(가)양지,경남,합천군,봉산면,양지리
폐광,비금속,금곡,경기,남양주시,진건읍,용정리
폐광,비금속,금신고령토,경기,남양주시,화도읍,금남리
폐광,비금속,중앙광업,경기,남양주시,화도읍,금남리
폐광,금속,삼창,경기,동두천시,광암동,
폐광,비금속,삼덕,경기,동두천시,동두천동,
폐광,비금속,동두천,경기,동두천시,상패동,
폐광,비금속,동명,경기,동두천시,생연동,
폐광,비금속,동천,경기,동두천시,안흥동,
폐광,비금속,동흥,경기,동두천시,안흥동,
폐광,금속,안흥,경기,동두천시,안흥동,
폐광,비금속,한일화학,경기,동두천시,안흥동,
폐광,비금속,봉암규석,경기,동두천시,하봉암동,
폐광,비금속,부국규석,경기,동두천시,하봉암동,
폐광,비금속,소요시리카,경기,동두천시,하봉암동,
폐광,금속,한강사금,경기,성남시수성구,고등동,
폐광,금속,광주모나스,경기,성남시 분당구,동원동,
폐광,금속,(가)구미,경기,성남시 분당구,동원동,
폐광,비금속,청계,경기,성남시 분당구,운중동,
폐광,비금속,덕명,경기,수원시 권선구,호매실동,
폐광,금속,소인,경기,시흥시,과림동,
폐광,비금속,안양고령토,경기,시흥시,금이동,
폐광,비금속,인천장석,경기,시흥시,금이동,
폐광,비금속,군자광업소,경기,시흥시,능곡동,
폐광,비금속,안양,경기,시흥시,능곡동,
폐광,비금속,(가)도창동,경기,시흥시,도창동,
폐광,금속,부양철광,경기,시흥시,매화동,
폐광,비금속,수암,경기,시흥시,목감동,
폐광,금속,(가)물왕,경기,시흥시,산현동,
폐광,비금속,소래,경기,시흥시,은행동,
폐광,비금속,대부고령토,경기,안산시 단원구,선감동,
폐광,비금속,대부석회석,경기,안산시 단원구,대부북동,
폐광,비금속,풍도,경기,안산시 단원구,풍도동,
폐광,금속,대부,경기,안산시 단원구,대부북동,
폐광,비금속,대부,경기,안산시 단원구,대부북동,
폐광,비금속,장수,경기,안산시 단원구,선감동,
폐광,비금속,동영,경기,안산시 단원구,풍도동,
폐광,비금속,문도석회석,경기,안산시 단원구,풍도동,
폐광,비금속,미래,경기,안산시 단원구,풍도동,
폐광,비금속,세청규사,경기,안산시 단원구,풍도동,
폐광,비금속,유엔비,경기,안산시 단원구,풍도동,
폐광,비금속,장경사,경기,안산시 단원구,풍도동,
폐광,비금속,창대풍도,경기,안산시 단원구,풍도동,
폐광,비금속,풍산규사,경기,안산시 단원구,풍도동,
폐광,금속,안양,경기,안성시,공도읍,마정리
폐광,금속,(가)대동,경기,안성시,금광면,석하리
폐광,금속,은성,경기,안성시,금광면,석하리
폐광,비금속,옥정,경기,안성시,금광면,옥정리
폐광,금속,안성,경기,안성시,대덕면,무능리
폐광,비금속,대원,경기,안성시,미양면,개정리
폐광,비금속,서곳,경기,안성시,미양면,개정리
폐광,금속,대안,경기,안성시,미양면,마산리
폐광,금속,적재광업,경기,안성시,보개면,기좌리
폐광,금속,천영,경기,안성시,삼죽면,덕산리
폐광,금속,덕산,경기,안성시,삼죽면,배태리
폐광,금속,(가)배태리,경기,안성시,삼죽면,배태리
폐광,비금속,삼죽광업소,경기,안성시,삼죽면,배태리
폐광,금속,청교,경기,안성시,서운면,송산리
폐광,금속,욱서광,경기,안성시,서운면,신흥리
폐광,금속,대한,경기,안성시,서운면,인리
폐광,비금속,안성견운모,경기,안성시,양성면,도곡리
폐광,금속,천보,경기,안성시,양성면,도곡리
폐광,금속,안성(덕양),경기,안성시,양성면,조일리
폐광,비금속,안성,경기,안성시,원곡면,산하리
폐광,비금속,백련,경기,안성시,원곡면,지문리
폐광,비금속,안성,경기,안성시,일죽면,방초리
폐광,비금속,안양규석,경기,안양시 동안구,비산동,
폐광,비금속,신안양,경기,안양시 만안구,석수동,
폐광,비금속,안양장석,경기,안양시 만안구,석수동,
폐광,비금속,한국자갈,경기,안양시 만안구,안양동,
폐광,비금속,새한,경기,양주시,남면,신암리
폐광,금속,덕계,경기,양주시,덕계동,
폐광,비금속,봉재,경기,양주시,은현면,도하리
폐광,금속,부광,경기,양평군,강상면,대석리
폐광,금속,보봉,경기,양평군,강상면,세월리
폐광,금속,양자,경기,양평군,강하면,항금리
폐광,금속,개군,경기,양평군,개군면,내리
폐광,금속,보익,경기,양평군,단월면,삼가리
폐광,비금속,유석,경기,양평군,단월면,산음리
폐광,비금속,유성,경기,양평군,서종면,명달리
폐광,비금속,청옥대리석,경기,양평군,서종면,명달리
폐광,금속,금정,경기,양평군,서종면,문호리
폐광,금속,양동1,경기,양평군,양동면,계정리
폐광,금속,계성,경기,양평군,양동면,계정리
폐광,금속,삼왕,경기,양평군,양동면,계정리
폐광,금속,대월,경기,양평군,양동면,계정리
폐광,비금속,양동2,경기,양평군,양동면,계정리
폐광,금속,금왕,경기,양평군,양동면,계정리
폐광,금속,금계,경기,양평군,양동면,금왕리
폐광,금속,금달,경기,양평군,양동면,고송리
폐광,비금속,금곡,경기,파주시,법원읍,웅담리
폐광,금속,동왕,경기,양평군,양동면,금왕리
폐광,금속,양평,경기,양평군,양동면,금왕리
폐광,금속,삼창,경기,양평군,양동면,매월리
폐광,금속,장재,경기,양평군,양동면,매월리
폐광,금속,황거,경기,양평군,양동면,매월리
폐광,금속,황보,경기,양평군,양동면,매월리
폐광,비금속,양동3,경기,양평군,양동면,석곡리
폐광,금속,삼오광업,경기,양평군,양서면,목왕리
폐광,금속,동방사금,경기,양평군,양서면,양수리
폐광,비금속,보성규석,경기,양평군,옥천면,용천리
폐광,금속,삼흥,경기,양평군,용문면,삼성리
폐광,비금속,중원,경기,양평군,용문면,신점리
폐광,금속,보성,경기,양평군,용문면,화전리
폐광,비금속,용문납석,경기,양평군,용문면,화전리
폐광,금속,칠보,경기,양평군,지평면,옥현리
폐광,금속,대원,경기,양평군,지평면,일신리
폐광,금속,구모,경기,양평군,지평면,일신리
폐광,금속,금동,경기,양평군,지평면,일신리
폐광,금속,영보,경기,양평군,청운면,가현리
폐광,비금속,경원규석,경기,양평군,청운면,갈운리
폐광,비금속,금곡,전북,장수군,장계면,금곡리
폐광,금속,용두,경기,양평군,청운면,갈운리
폐광,금속,청운,경기,양평군,청운면,갈운리
폐광,금속,신당,경기,양평군,청운면,삼성리
폐광,금속,화룡,경기,양평군,청운면,삼성리
폐광,금속,황룡,경기,양평군,청운면,여물리
폐광,비금속,청산,경기,여주시,가남읍,금당리
폐광,비금속,계림기업,경기,여주시,가남읍,삼군리
폐광,비금속,제일고령토,경기,여주시,강천면,걸은리
폐광,비금속,신애고령토,경기,여주시,강천면,굴암리
폐광,금속,보룡,경기,여주시,금사면,상호리
폐광,금속,팔보,경기,여주시,금사면,소유리
폐광,비금속,능서고령토,경기,여주시,능서면,구양리
폐광,비금속,율극,경기,여주시,능서면,내양리
폐광,비금속,매릇광산,경기,여주시,능서면,매류리
폐광,비금속,백토광업,경기,여주시,능서면,백석리
폐광,비금속,여흥광업소,경기,여주시,능서면,백석리
폐광,비금속,여주장석,경기,여주시,대신면,당산리
폐광,금속,(가)상구리,경기,여주시,대신면,상구리
폐광,비금속,대룡,경기,여주시,대신면,장풍리
폐광,비금속,싸리산백토,경기,여주시,대신면,천남리
폐광,비금속,해강고령토,경기,여주시,북내면,당우리
폐광,금속,신려,경기,여주시,북내면,상교리
폐광,비금속,고려,경기,여주시,북내면,외룡리
폐광,비금속,북내,경기,여주시,북내면,외룡리
폐광,비금속,여주규석,경기,여주시,북내면,외룡리
폐광,비금속,씨엠아이,경기,여주시,북내면,운촌리
폐광,비금속,운촌점토,경기,여주시,북내면,운촌리
폐광,금속,금계,경기,여주시,북내면,장암리
폐광,금속,장암,경기,여주시,북내면,장암리
폐광,금속,여주,경기,여주시,북내면,주암리
폐광,비금속,㈜유엔아이,경기,여주시,북내면,중암리
폐광,비금속,여주활석,경기,여주시,산북면,상품리
폐광,금속,영국,경기,여주시,산북면,용담리
폐광,금속,영우,경기,여주시,산북면,용담리
폐광,비금속,미성,경기,여주시,산북면,후리
폐광,비금속,매룡,경기,여주시,매룡동,
폐광,비금속,오금,경기,여주시,오금동,
폐광,비금속,대영요업,경기,여주시,오학동,
폐광,비금속,여주요업원료,경기,여주시,현암동,
폐광,금속,추산,경기,여주시,대신면,천남리
폐광,비금속,점동,경기,여주시,점동면,당진리
폐광,비금속,여주고령토,경기,여주시,점동면,당진리
폐광,비금속,우왕광산,경기,여주시,점동면,사곡리
폐광,비금속,흥천,경기,여주시,흥천면,율극리
폐광,비금속,상대,경기,여주시,흥천면,문장리
폐광,비금속,흥천,경기,여주시,흥천면,상대리
폐광,금속,신풍,경기,연천군,군남면,왕림리
폐광,비금속,풍국,경기,연천군,군남면,황지리
폐광,비금속,세한,경기,연천군,신서면,대광리
폐광,금속,영도(정희),경기,연천군,신서면,대광리
폐광,비금속,연천,경기,연천군,신서면,도신리
폐광,금속,"연천,보장",경기,연천군,연천읍,부곡리
폐광,비금속,신성,경기,연천군,연천읍,부곡리
폐광,비금속,고능,경기,연천군,전곡읍,고능리
폐광,비금속,연천도석,경기,연천군,전곡읍,고능리
폐광,비금속,전곡,경기,연천군,전곡읍,고능리
폐광,금속,봉암,경기,연천군,전곡읍,마포리
폐광,비금속,청적,경기,연천군,전곡읍,마포리
폐광,금속,공영,경기,연천군,중면,삼곶리
폐광,금속,원일,경기,연천군,중면,삼곶리
폐광,비금속,㈜진안-백의,경기,연천군,청산면,대전리
폐광,비금속,가야,경기,연천군,청산면,초성리
폐광,비금속,일진석회,경기,화성시,팔탄면,하저리
폐광,비금속,용호,경기,용인시 기흥구,고매동,
폐광,비금속,남양,경기,용인시 기흥구,공세동,
폐광,비금속,수원,경기,용인시 기흥구,영덕동,
폐광,비금속,대덕(용인),경기,용인시 처인구,백암면,고안리
폐광,비금속,석천,경기,용인시 처인구,백암면,석천리
폐광,금속,영풍광업,경기,용인시 처인구,백암면,가창리
폐광,금속,금용,경기,용인시 처인구,원삼면,사암리
폐광,금속,삼승,경기,용인시 처인구,원삼면,죽능리
폐광,금속,야광,경기,용인시 처인구,원삼면,
폐광,비금속,이원,경기,이천시,마장면,목리
폐광,금속,도야,경기,이천시,마장면,장암리
폐광,비금속,풍성,경기,이천시,백사면,도립리
폐광,금속,(가)조읍리,경기,이천시,백사면,조읍리
폐광,비금속,부발고령토,경기,이천시,부발읍,고백리
폐광,금속,(가)산촌리,경기,이천시,부발읍,산촌리
폐광,비금속,이천,경기,이천시,부발읍,산촌리
폐광,비금속,태우,경기,이천시,부발읍,신원리
폐광,금속,관성,경기,이천시,율면,산성리
폐광,비금속,(가)노탑리,경기,이천시,장호원읍,노탑리
폐광,비금속,유유,경기,이천시,장호원읍,노탑리
폐광,금속,광창,경기,이천시,장호원읍,선읍리
폐광,비금속,청경산업,경기,이천시,장호원읍,와현리
폐광,비금속,파주산업,경기,파주시,광탄면,마장리
폐광,비금속,상보,경기,파주시,광탄면,마장리
폐광,비금속,신도,경기,파주시,광탄면,방축리
폐광,금속,파주일산,경기,파주시,광탄면,분수리
폐광,비금속,장명,경기,파주시,하지석동,
폐광,비금속,신흥,경기,파주시,금릉동,
폐광,비금속,한강산업,경기,파주시,법원읍,금곡리
폐광,비금속,삼중,경기,파주시,법원읍,법원리
폐광,비금속,태천,경기,파주시,법원읍,삼방리
폐광,비금속,삼성규석,경북,성주군,벽진면,용암리
폐광,비금속,중경,경기,파주시,법원읍,웅담리
폐광,비금속,금촌,경기,파주시,월롱면,덕은리
폐광,비금속,성보규석,경기,파주시,월롱면,덕은리
폐광,비금속,파주,경기,파주시,월롱면,
폐광,석탄,적성탄광,경기,파주시,적성면,장현리
폐광,비금속,적성,경기,파주시,적성면,적암리
폐광,금속,"운곡,은곡",경기,파주시,조리읍,장곡리
폐광,비금속,금산석회,경기,파주시,탄현면,금산리
폐광,비금속,일호산업,경기,파주시,탄현면,금산리
폐광,금속,금생,경기,파주시,탄현면,금승리
폐광,비금속,약산,경기,파주시,탄현면,법흥리
폐광,비금속,흥명,경기,파주시,파평면,금파리
폐광,비금속,우암,경기,파주시,파평면,덕천리
폐광,비금속,우대,경기,평택시,도일동,
폐광,비금속,평택,경기,평택시,서탄면,마두리
폐광,비금속,안중,경기,평택시,안중읍,학현리
폐광,비금속,무봉,경기,평택시,진위면,동천리
폐광,비금속,삼정상사,경기,평택시,진위면,동천리
폐광,비금속,옥길,경기,평택시,청북읍,옥길리
폐광,비금속,청북,경기,평택시,청북읍,옥길리
폐광,비금속,평택흑연,경기,평택시,청북읍,토진리
폐광,금속,성환,경기,평택시,팽성읍,대사리
폐광,비금속,태광산업,경기,평택시,포승읍,석정리
폐광,비금속,포승,경기,평택시,포승읍,원정리
폐광,비금속,호암,경기,평택시,포승읍,원정리
폐광,비금속,삼정,경기,평택시,포승읍,원정리
폐광,비금속,현덕,경기,평택시,현덕면,도대리
폐광,비금속,신광,경기,평택시,현덕면,신왕리
폐광,석탄,(가)인광리,경기,평택시,현덕면,인광리
폐광,비금속,중리석회석,경기,포천시,관인면,중리
폐광,비금속,삼양,경기,포천시,관인면,냉정리
폐광,비금속,대일,경기,포천시,관인면,중리
폐광,비금속,연천,경기,포천시,관인면,중리
폐광,금속,"운장,은장",경기,포천시,관인면,중리
폐광,비금속,관인,경기,포천시,관인면,초과리
폐광,금속,삼율,경기,포천시,관인면,초과리
폐광,금속,사중,경기,포천시,관인면,탄동리
폐광,금속,용음,경기,포천시,관인면,탄동리
폐광,금속,태영,경기,포천시,관인면,탄동리
폐광,비금속,대륭장석,경기,포천시,군내면,하성북리
폐광,비금속,마자,경기,포천시,내촌면,내리
폐광,비금속,내촌장석,경기,포천시,내촌면,소학리
폐광,비금속,유전,경기,포천시,동교동,
폐광,비금속,포천,경기,포천시,동교동,
폐광,비금속,의정부장석,경기,포천시,소흘읍,무봉리
폐광,금속,(가)이곡리,경기,포천시,소흘읍,이곡리
폐광,비금속,유광만보,경기,포천시,소흘읍,이동교리
폐광,비금속,덕둔,경기,포천시,신북면,덕둔리
폐광,금속,"금동,칠성",경기,포천시,신북면,삼정리
폐광,금속,보신,경기,포천시,신북면,심곡리
폐광,비금속,광명,경기,포천시,영북면,대회산리
폐광,비금속,금장,경기,포천시,영북면,대회산리
폐광,금속,동현,경기,포천시,영북면,소회산리
폐광,비금속,삼화,경기,포천시,영북면,야미리
폐광,금속,포천,경기,포천시,영북면,야미리
폐광,비금속,영일,경기,포천시,영중면,금주리
폐광,금속,영중,경기,포천시,영중면,금주리
폐광,비금속,흥진광업,경기,포천시,영중면,성동리
폐광,비금속,매바우,경기,포천시,이동면,노곡리
폐광,금속,신애,경기,포천시,이동면,노곡리
폐광,금속,광덕,경기,포천시,이동면,도평리
폐광,금속,광덕금광산,경기,포천시,이동면,도평리
폐광,비금속,서륭,경기,포천시,이동면,연곡리
폐광,비금속,지포리,경기,포천시,이동면,연곡리
폐광,비금속,장암,경기,포천시,이동면,장암리
폐광,금속,(가)기산리,경기,포천시,일동면,기산리
폐광,비금속,상우,경기,포천시,일동면,화대리
폐광,비금속,(가)화대리,경기,포천시,일동면,화대리
폐광,비금속,대창,경기,포천시,창수면,오가리
폐광,금속,대창,경기,포천시,일동면,수입리
폐광,비금속,보장,경기,포천시,창수면,오가리
폐광,금속,"용석,운산",경기,포천시,창수면,운산리
폐광,금속,광동,경기,하남시,미사동,
폐광,비금속,경기,경기,하남시,상산곡동,
폐광,비금속,신흥,경기,하남시,상산곡동,
폐광,금속,구적,경기,하남시,창우동,
폐광,비금속,광주,경기,하남시,하산곡동,
폐광,비금속,황종원,경기,하남시,하산곡동,
폐광,비금속,은장,경기,화성시,마도면,쌍송리
폐광,금속,본국,경기,화성시,남양읍,북양리
폐광,금속,경분,경기,화성시,매송면,송라리
폐광,금속,경수,경기,화성시,마도면,해문리
폐광,비금속,오산,경기,오산시,양산동,
폐광,비금속,발안,경기,화성시,봉담읍,덕리
폐광,비금속,미림개발,경기,화성시,서신면,
폐광,비금속,야목,경기,화성시,매송면,야목리
폐광,금속,삼보,경기,화성시,봉담읍,상리
폐광,비금속,금용,경기,화성시,팔탄면,노하리
폐광,비금속,덕우,경기,화성시,봉담읍,덕우리
폐광,비금속,비봉고령토,경기,화성시,비봉면,자안리
폐광,비금속,남양,경기,화성시,안녕동,
폐광,비금속,대하,경기,화성시,서신면,용두리
폐광,비금속,밀양석회,경기,화성시,팔탄면,기천리
폐광,비금속,일성,경기,화성시,송산동,
폐광,비금속,쌍용,경기,화성시,송산면,쌍정리
폐광,비금속,한일광업,경기,화성시,양감면,요당리
폐광,비금속,대원고령토,경기,화성시,안녕동,
폐광,비금속,경기장석,경기,화성시,양감면,신왕리
폐광,비금속,화성사,경기,화성시,서신면,궁평리
폐광,비금속,국화도,경기,화성시,우정읍,
폐광,비금속,근기,경기,화성시,우정읍,
폐광,비금속,삼대규사,경기,화성시,우정읍,
폐광,비금속,선광,경기,화성시,남양읍,장덕리
폐광,비금속,장덕,경기,화성시,남양읍,장덕리
폐광,비금속,정남규석,경기,화성시,정남면,문학리
폐광,비금속,삼창규석,경기,화성시,봉담읍,세곡리
폐광,비금속,남양,경기,화성시,비봉면,자안리
폐광,금속,남양,경기,화성시,팔탄면,창곡리
폐광,비금속,지화리,경기,화성시,송산면,지화리
폐광,비금속,화성,경기,화성시,향남읍,갈천리
폐광,금속,남양,경기,화성시,서신면,용두리
폐광,금속,보장,경기,포천시,창수면,운산리
폐광,금속,보장(연천),경기,포천시,창수면,운산리
폐광,비금속,삼성나노테크,경북,영덕군,강구면,하저리
폐광,비금속,연천광업,경기,연천군,신서면,도신리
폐광,비금속,유앤비,경기,안산시,풍도동,
폐광,비금속,장덕,경기,화성시,정남면,문학리
폐광,금속,흥진2,경기,포천시,영중면,성동리
폐광,금속,창곡철광,경기,화성시,팔탄면,창곡리
폐광,금속,강릉,강원,강릉시,옥계면,북동리
폐광,석탄,강릉-대보,강원,강릉시,왕산면,목계리
폐광,석탄,강릉-대일,강원,강릉시,강동면,모전리
폐광,석탄,강릉-만덕,강원,강릉시,왕산면,도마리
폐광,석탄,강릉-삼원,강원,강릉시,왕산면,도마리
폐광,석탄,강릉-일신,강원,강릉시,강동면,언별리
폐광,석탄,강릉-중원,강원,강릉시,왕산면,도마리
폐광,석탄,강릉탄좌,강원,강릉시,왕산면,도마리
폐광,석탄,관동,강원,강릉시,강동면,심곡리
폐광,석탄,금성,강원,강릉시,성산면,산북리
폐광,금속,단경철산,강원,강릉시,강동면,언별리
폐광,금속,대곡,강원,강릉시,강동면,임곡리
폐광,석탄,대원,강원,강릉시,강동면,안인진리
폐광,석탄,대한석탄공사화성광업소,강원,강릉시,강동면,산성우리
폐광,석탄,동덕,강원,강릉시,강동면,임곡리
폐광,석탄,동덕-원일,강원,강릉시,강동면,산성우리
폐광,석탄,동덕-현대,강원,강릉시,강동면,언별리
폐광,비금속,동명,강원,강릉시,강동면,정동진리
폐광,비금속,동방미화,강원,강릉시,옥계면,현내리
폐광,비금속,동보광업소,강원,강릉시,왕산면,대기리
폐광,비금속,동보규석광산,강원,강릉시,강동면,언별리
폐광,석탄,동부,강원,강릉시,강동면,산성우리
폐광,석탄,동암,강원,강릉시,강동면,안인진리
폐광,석탄,동주,강원,강릉시,옥계면,주수리
폐광,금속,동진,강원,강릉시,강동면,언별리
폐광,비금속,두산규석광산,강원,강릉시,옥계면,산계리
폐광,금속,두성광업소,강원,강릉시,옥계면,남양리
폐광,비금속,명진규석광산,강원,강릉시,성산면,산북리
폐광,석탄,모세,강원,강릉시,왕산면,도마리
폐광,석탄,보경,강원,강릉시,성산면,산북리
폐광,비금속,부경,강원,강릉시,왕산면,도마리
폐광,비금속,삼산광업소,강원,강릉시,연곡면,퇴곡리
폐광,비금속,삼산광업소,강원,강릉시,연곡면,삼산리
폐광,석탄,삼영,강원,강릉시,왕산면,대기리
폐광,금속,상락,강원,강릉시,옥계면,낙풍리
폐광,비금속,석병,강원,강릉시,강동면,임곡리
폐광,비금속,정동규석광업소,강원,강릉시,옥계면,금진리
폐광,금속,성부,강원,강릉시,옥계면,산계리
폐광,석탄,성일,강원,강릉시,강동면,정동진리
폐광,금속,송천,강원,강릉시,연곡면,삼산리
폐광,석탄,수은,강원,강릉시,왕산면,목계리
폐광,석탄,신흥,강원,강릉시,강동면,임곡리
폐광,비금속,안인규석,강원,강릉시,강동면,언별리
폐광,금속,연곡,강원,강릉시,연곡면,삼산리
폐광,석탄,영동,강원,강릉시,강동면,임곡리
폐광,석탄,영진,강원,강릉시,강동면,임곡리
폐광,금속,옥계,강원,강릉시,옥계면,산계리
폐광,비금속,옥계,강원,강릉시,옥계면,북동리
폐광,금속,옥성,강원,강릉시,강동면,산성우리
폐광,석탄,와룡,강원,강릉시,강동면,산성우리
폐광,석탄,와룡-관서,강원,강릉시,강동면,임곡리
폐광,석탄,와룡-구룡,강원,강릉시,강동면,산성우리
폐광,석탄,와룡-부일,강원,강릉시,강동면,모전리
폐광,석탄,와룡-삼동,강원,강릉시,강동면,정동진리
폐광,석탄,와룡-태성,강원,강릉시,강동면,산성우리
폐광,석탄,와룡-태우,강원,강릉시,강동면,임곡리
폐광,석탄,와룡-한우,강원,강릉시,강동면,산성우리
폐광,석탄,와룡-흥보,강원,강릉시,강동면,임곡리
폐광,비금속,우신광업,강원,강릉시,옥계면,현내리
폐광,금속,율곡,강원,강릉시,강동면,임곡리
폐광,석탄,임곡,강원,강릉시,강동면,모전리
폐광,금속,장재,강원,강릉시,왕산면,왕산리
폐광,석탄,전원-금산,강원,강릉시,옥계면,주수리
폐광,금속,정동철광,강원,강릉시,강동면,산성우리
폐광,비금속,제2강승석회광산,강원,강릉시,강동면,임곡리
폐광,금속,제2대치광산,강원,강릉시,옥계면,북동리
폐광,석탄,태경,강원,강릉시,강동면,모전리
폐광,석탄,태금,강원,강릉시,강동면,언별리
폐광,석탄,태성,강원,강릉시,강동면,모전리
폐광,금속,피래철,강원,강릉시,강동면,산성우리
폐광,비금속,한일,강원,강릉시,왕산면,대기리
폐광,석탄,해림,강원,강릉시,구정면,구정리
폐광,비금속,홍천광업소,강원,강릉시,왕산면,대기리
폐광,석탄,화성(탄조),강원,강릉시,강동면,정동진리
폐광,석탄,화성동보탄,강원,강릉시,강동면,정동진리
폐광,석탄,효경,강원,강릉시,옥계면,금진리
폐광,석탄,효경-이화,강원,강릉시,옥계면,낙풍리
폐광,석탄,효경-흑륭,강원,강릉시,옥계면,낙풍리
폐광,석탄,흥일,강원,강릉시,강동면,모전리
폐광,석탄,흥일-태봉,강원,강릉시,강동면,모전리
폐광,금속,간성철,강원,고성군,간성읍,탑동리
폐광,금속,고명광산,강원,고성군,현내면,명파리
폐광,금속,고성,강원,고성군,거진읍,화포리
폐광,비금속,교암광산,강원,고성군,토성면,운봉리
폐광,비금속,금강산광산,강원,고성군,현내면,마달리
폐광,금속,대선,강원,고성군,현내면,송현리
폐광,비금속,대아장석광산,강원,고성군,죽왕면,구성리
폐광,비금속,도양광업소,강원,고성군,간성읍,해상리
폐광,금속,부국광산,강원,고성군,현내면,배봉리
폐광,비금속,삼광,강원,고성군,현내면,화곡리
폐광,금속,삼화,강원,고성군,현내면,마달리
폐광,비금속,성영광산,강원,고성군,현내면,마달리
폐광,비금속,송천광산,강원,고성군,거진읍,송강리
폐광,금속,신태화,강원,고성군,현내면,명파리
폐광,비금속,우신,강원,고성군,토성면,학야리
폐광,금속,이화탄광,강원,고성군,간성읍,탑현리
폐광,석탄,진부탄광,강원,고성군,간성읍,흘리
폐광,비금속,현대광업,강원,고성군,현내면,명파리
폐광,비금속,강동,강원,동해시,지흥동,
폐광,비금속,대연,강원,동해시,지가동,
폐광,비금속,대흥,강원,동해시,대구동,
폐광,비금속,망상,강원,동해시,망상동,
폐광,비금속,묵호,강원,동해시,부곡동,
폐광,비금속,묵호,강원,동해시,지흥동,
폐광,비금속,묵호,강원,동해시,발한동,
폐광,금속,북평철산,강원,동해시,삼화동,
폐광,비금속,영창,강원,동해시,구미동,
폐광,금속,옥일,강원,동해시,신흥동,
폐광,석탄,와룡-정원,강원,동해시,초구동,
폐광,금속,청산,강원,동해시,신흥동,
폐광,금속,품곡광산,강원,동해시,신흥동,
폐광,비금속,광동장석광산,강원,삼척시,하장면,광동리
폐광,금속,구사리,강원,삼척시,도계읍,구사리
폐광,석탄,국일,강원,삼척시,도계읍,상덕리
폐광,비금속,군천광산,강원,삼척시,노곡면,하군천리
폐광,비금속,근덕흑연산,강원,삼척시,근덕면,동막리
폐광,금속,기곡리,강원,삼척시,원덕읍,사곡리
폐광,비금속,남산,강원,삼척시,남양동,
폐광,금속,내미로,강원,삼척시,미로면,내미로리
폐광,금속,내장,강원,삼척시,하장면,추동리
폐광,석탄,달전,강원,삼척시,도계읍,도계리
폐광,석탄,대방,강원,삼척시,도계읍,늑구리
폐광,석탄,대일,강원,삼척시,가곡면,풍곡리
폐광,비금속,덕진,강원,삼척시,도경동,
폐광,비금속,도경동,강원,삼척시,도경동,
폐광,비금속,동광석회,강원,삼척시,도계읍,마교리
폐광,비금속,동국,강원,삼척시,도계읍,고사리
폐광,석탄,동신,강원,삼척시,도계읍,심포리
폐광,비금속,동해,강원,삼척시,근덕면,하맹방리
폐광,비금속,동해장석광산,강원,삼척시,원덕읍,임원리
폐광,비금속,동화장석,강원,삼척시,원덕읍,임원리
폐광,금속,둔전,강원,삼척시,하장면,둔전리
폐광,석탄,미로,강원,삼척시,미로면,고천리
폐광,비금속,마차리석회석광산,강원,삼척시,신기면,마차리
폐광,비금속,백병납석,강원,삼척시,가곡면,풍곡리
폐광,비금속,삼동광업소,강원,삼척시,원덕읍,사곡리
폐광,석탄,삼마,강원,삼척시,도계읍,늑구리
폐광,석탄,삼마-태정,강원,삼척시,도계읍,늑구리
폐광,비금속,삼방탄광,강원,삼척시,가곡면,풍곡리
폐광,비금속,삼아,강원,삼척시,노곡면,하군천리
폐광,금속,삼원,강원,삼척시,노곡면,둔달리
폐광,금속,삼척,강원,삼척시,미로면,내미로리
폐광,비금속,삼척,강원,삼척시,가곡면,오저리
폐광,비금속,삼척,강원,삼척시,오분동,
폐광,비금속,삼척,강원,삼척시,근덕면,부남리
폐광,비금속,삼척장석광산,강원,삼척시,원덕읍,갈남리
폐광,비금속,삼척철산,강원,삼척시,조비동,
폐광,비금속,삼척탄광,강원,삼척시,미로면,고천리
폐광,금속,성안,강원,삼척시,평창읍,원당리
폐광,금속,숙암,강원,삼척시,하장면,숙암리
폐광,비금속,시영고령토광산,강원,삼척시,원덕읍,갈남리
폐광,비금속,신석광산,강원,삼척시,근덕면,동막리
폐광,석탄,신원,강원,삼척시,도계읍,심포리
폐광,석탄,신원-삼보,강원,삼척시,도계읍,심포리
폐광,비금속,신일광산,강원,삼척시,가곡면,풍곡리
폐광,금속,신한,강원,삼척시,원덕읍,사곡리
폐광,금속,우양,강원,삼척시,하장면,번천리
폐광,비금속,원덕,강원,삼척시,가곡면,동활리
폐광,금속,은치,강원,삼척시,하장면,토산리
폐광,비금속,장호광산,강원,삼척시,근덕면,장호리
폐광,비금속,제2삼척흑명광산,강원,삼척시,원덕읍,이천리
폐광,금속,제2연화광업소,강원,삼척시,가곡면,풍곡리
폐광,금속,중봉,강원,삼척시,하장면,중봉리
폐광,비금속,천보,강원,삼척시,근덕면,상맹방리
폐광,금속,천원철광,강원,삼척시,미로면,상사전리
폐광,금속,추동,강원,삼척시,하장면,추동리
폐광,비금속,태백석회광산,강원,삼척시,자원동,
폐광,석탄,태원,강원,삼척시,도계읍,점리
폐광,비금속,태정광산,강원,삼척시,도계읍,늑구리
폐광,석탄,풍원,강원,삼척시,도계읍,늑구리
폐광,비금속,한국장석광산,강원,삼척시,원덕읍,노곡리
폐광,석탄,한양,강원,삼척시,도계읍,심포리
폐광,비금속,형불,강원,삼척시,신기면,신기리
폐광,비금속,호산,강원,삼척시,원덕읍,기곡리
폐광,비금속,국일,강원,양구군,양구읍,상리
폐광,비금속,대암,강원,양구군,동면,임당리
폐광,금속,만대,강원,양구군,방산면,고방산리
폐광,비금속,삼척도석,강원,삼척시,노곡면,하군천리
폐광,금속,선덕,강원,양구군,방산면,오미리
폐광,비금속,선우도석광산,강원,양구군,방산면,장평리
폐광,금속,양구,강원,양구군,양구읍,월명리
폐광,비금속,양구규석,강원,양구군,양구읍,상리
폐광,비금속,오미리,강원,양구군,방산면,오미리
폐광,금속,월명,강원,양구군,양구읍,월명리
폐광,금속,월명텅스텐,강원,양구군,양구읍,월명리
폐광,금속,임당리,강원,양구군,동면,임당리
폐광,금속,장평리,강원,양구군,방산면,장평리
폐광,금속,구룡,강원,양양군,서면,갈천리
폐광,비금속,대동광산,강원,양양군,서면,장승리
폐광,금속,보굴,강원,양양군,손양면,송전리
폐광,금속,세원철광,강원,양양군,서면,오색리
폐광,금속,신한,강원,양양군,서면,장승리
폐광,금속,이천동,강원,양양군,서면,북암리
폐광,비금속,현남광산,강원,양양군,현남면,주리
폐광,석탄,거운,강원,영월군,영월읍,거운리
폐광,비금속,광신광산,강원,영월군,영월읍,연하리
폐광,금속,괴동광업소,강원,영월군,영월읍,흥월리
폐광,석탄,구래광업소,강원,영월군,상동읍,구래리
폐광,금속,금마,강원,영월군,주천면,금마리
폐광,비금속,금마리석회석,강원,영월군,주천면,금마리
폐광,비금속,금성운모,강원,영월군,무릉도원면,무릉리
폐광,비금속,금아규석,강원,영월군,주천면,판운리
폐광,비금속,기영제2,강원,영월군,북면,마차리
폐광,석탄,남경,강원,영월군,중동면,화원리
폐광,금속,녹전,강원,영월군,김삿갓면,외룡리
폐광,비금속,대동,강원,영월군,주천면,주천리
폐광,석탄,대림,강원,영월군,영월읍,영흥리
폐광,비금속,대성마차석회석광산,강원,영월군,북면,마차리
폐광,석탄,대양탄광,강원,영월군,영월읍,연하리
폐광,비금속,대유,강원,영월군,김삿갓면,대야리
폐광,금속,대조광업,강원,영월군,상동읍,내덕리
폐광,비금속,대종(삼양),강원,영월군,김삿갓면,대야리
폐광,비금속,대한석회석,강원,영월군,영월읍,영흥리
폐광,비금속,도천,강원,영월군,주천면,도천리
폐광,비금속,동덕,강원,영월군,영월읍,연하리
폐광,비금속,동림광산순경광업소,강원,영월군,상동읍,내덕리
폐광,비금속,동영,강원,영월군,한반도면,광전리
폐광,석탄,동우-성진,강원,영월군,상동읍,구래리
폐광,석탄,동우-세방,강원,영월군,상동읍,구래리
폐광,비금속,동원,강원,영월군,김삿갓면,내리
폐광,석탄,동원-광정,강원,영월군,중동면,직동리
폐광,석탄,동원-덕일,강원,영월군,중동면,직동리
폐광,석탄,동원-동보,강원,영월군,중동면,직동리
폐광,석탄,동원-석흥,강원,영월군,중동면,직동리
폐광,석탄,동원-우성,강원,영월군,중동면,직동리
폐광,금속,동진철광,강원,영월군,남면,조전리
폐광,비금속,마차납석광산,강원,영월군,북면,마차리
폐광,금속,명마광산,강원,영월군,무릉도원면,무릉리
폐광,비금속,명성광산,강원,영월군,한반도면,신천리
폐광,석탄,명신,강원,영월군,상동읍,구래리
폐광,비금속,무릉광산,강원,영월군,무릉도원면,무릉리
폐광,비금속,무릉리광산,강원,영월군,무릉도원면,무릉리
폐광,비금속,문정광산,강원,영월군,영월읍,삼옥리
폐광,석탄,보령,강원,영월군,영월읍,영흥리
폐광,비금속,보발제2광업소,강원,영월군,영월읍,흥월리
폐광,금속,보성광산,강원,영월군,주천면,판운리
폐광,금속,보창,강원,영월군,상동읍,구래리
폐광,비금속,부영기업사,강원,영월군,영월읍,팔괴리
폐광,비금속,북쌍리고령토광산,강원,영월군,남면,북쌍리
폐광,금속,주천광산,강원,영월군,무릉도원면,도원리
폐광,비금속,삼동광산,강원,영월군,김삿갓면,와석리
폐광,비금속,삼보규석광업소,강원,영월군,김삿갓면,와석리
폐광,금속,금곡,경남,창녕군,도천면,덕곡리
폐광,금속,양지,경북,칠곡군,가산면,가산리
폐광,석탄,삼탄-서진,강원,영월군,상동읍,구래리
폐광,비금속,삼화,강원,영월군,한반도면,쌍용리
폐광,금속,상동,강원,영월군,상동읍,구래리
폐광,비금속,서흥광업소,강원,영월군,김삿갓면,대야리
폐광,비금속,선우단양,강원,영월군,김삿갓면,와석리
폐광,비금속,성덕광산,강원,영월군,상동읍,내덕리
폐광,비금속,성우,강원,영월군,영월읍,삼옥리
폐광,비금속,성운,강원,영월군,한반도면,쌍용리
폐광,석탄,성일,강원,영월군,중동면,직동리
폐광,석탄,보성-성봉,강원,태백시,화전동,
폐광,비금속,송천,강원,영월군,주천면,도천리
폐광,비금속,순경,강원,영월군,무릉도원면,법흥리
폐광,석탄,신동,강원,영월군,김삿갓면,진별리
폐광,금속,아성광산,강원,영월군,주천면,판운리
폐광,비금속,야목,강원,영월군,한반도면,광전리
폐광,금속,연당사금광산,강원,영월군,남면,북쌍리
폐광,비금속,연산광산,강원,영월군,중동면,연상리
폐광,금속,연상리광산,강원,영월군,중동면,연상리
폐광,석탄,연하리광산,강원,영월군,영월읍,연하리
폐광,비금속,영덕,강원,영월군,영월읍,연하리
폐광,금속,영안철광,강원,영월군,북면,문곡리
폐광,석탄,영월,강원,영월군,북면,마차리
폐광,비금속,신삼대,강원,평창군,대화면,대화리
폐광,비금속,영월도석,강원,영월군,한반도면,신천리
폐광,비금속,영월백년,강원,영월군,무릉도원면,법흥리
폐광,비금속,영월옥동,강원,영월군,김삿갓면,외룡리
폐광,금속,영월철산,강원,영월군,김삿갓면,대야리
폐광,비금속,영화석회석광산,강원,영월군,영월읍,정양리
폐광,금속,영흥,강원,영월군,북면,문곡리
폐광,비금속,영흥광업소,강원,영월군,북면,문곡리
폐광,석탄,옥동,강원,영월군,김삿갓면,주문리
폐광,비금속,옥동납석광업소,강원,영월군,김삿갓면,주문리
폐광,석탄,옥동-덕산,강원,영월군,김삿갓면,주문리
폐광,비금속,옥동석회석,강원,영월군,김삿갓면,주문리
폐광,석탄,옥동-선진,강원,영월군,김삿갓면,주문리
폐광,석탄,옥동-임천,강원,영월군,김삿갓면,주문리
폐광,금속,옥동철광,강원,영월군,김삿갓면,대야리
폐광,비금속,옥수,강원,영월군,상동읍,구래리
폐광,비금속,용단광산,강원,영월군,김삿갓면,진별리
폐광,금속,유전,강원,영월군,중동면,녹전리
폐광,금속,윤창,강원,영월군,상동읍,덕구리
폐광,비금속,은파광산,강원,영월군,무릉도원면,무릉리
폐광,금속,응암광산,강원,영월군,북면,공기리
폐광,비금속,이화석면,강원,영월군,영월읍,팔괴리
폐광,비금속,장산규석광산,강원,영월군,상동읍,구래리
폐광,금속,장재곡,강원,영월군,북면,문곡리
폐광,금속,장충,강원,영월군,주천면,판운리
폐광,석탄,정양,강원,영월군,영월읍,정양리
폐광,금속,제2옥령,강원,영월군,주천면,도천리
폐광,금속,주천,강원,영월군,주천면,주천리
폐광,비금속,지민광산,강원,영월군,중동면,직동리
폐광,금속,진별리,강원,영월군,김삿갓면,진별리
폐광,비금속,진별리,강원,영월군,김삿갓면,진별리
폐광,비금속,창원형석,강원,영월군,주천면,판운리
폐광,금속,창월광업소,강원,영월군,주천면,판운리
폐광,비금속,창월형석광산,강원,영월군,주천면,판운리
폐광,금속,천보,강원,영월군,영월읍,정양리
폐광,비금속,태백,강원,영월군,상동읍,내덕리
폐광,금속,태원철산,강원,영월군,주천면,금마리
폐광,금속,태일,강원,영월군,주천면,신일리
폐광,금속,태일광산,강원,영월군,무릉도원면,도원리
폐광,금속,팔괴리,강원,영월군,영월읍,팔괴리
폐광,비금속,풍원광업소,강원,영월군,중동면,이목리
폐광,금속,한일,강원,영월군,영월읍,영흥리
폐광,석탄,한일,강원,영월군,중동면,화원리
폐광,석탄,한일-유덕,강원,영월군,중동면,화원리
폐광,석탄,한일-중동,강원,영월군,중동면,화원리
폐광,비금속,한흥,강원,영월군,무릉도원면,법흥리
폐광,비금속,혜영광산,강원,영월군,상동읍,천평리
폐광,비금속,화원,강원,영월군,중동면,화원리
폐광,금속,황둔안암광산,강원,영월군,주천면,신일리
폐광,석탄,후천,강원,영월군,김삿갓면,주문리
폐광,비금속,흥월석회석광산,강원,영월군,김삿갓면,각동리
폐광,비금속,(가)궁촌리규석,강원,원주시,문막읍,궁촌리
폐광,금속,(가)손곡리,강원,원주시,부론면,손곡리
폐광,금속,(가)송계1리,강원,원주시,신림면,송계리
폐광,금속,(가)송계2리1광산,강원,원주시,신림면,송계리
폐광,금속,(가)송계2리2광산,강원,원주시,신림면,송계리
폐광,금속,(가)신림리,강원,원주시,신림면,신림리
폐광,금속,(가)신촌리,강원,원주시,판부면,신촌리
폐광,비금속,개암,강원,원주시,신림면,성남리
폐광,비금속,거암도석광산,강원,원주시,귀래면,운남리
폐광,비금속,고산규석,강원,원주시,호저면,고산리
폐광,비금속,귀래석회석,강원,원주시,귀래면,운남리
폐광,비금속,금강신림광산,강원,원주시,신림면,용암리
폐광,금속,금주광산,강원,원주시,귀래면,운남리
폐광,비금속,대동,강원,원주시,행구동,
폐광,비금속,마지광업소,강원,원주시,신림면,용암리
폐광,금속,목계제2,강원,원주시,귀래면,운남리
폐광,비금속,문막,강원,원주시,부론면,노림리
폐광,비금속,문막형석,강원,원주시,문막읍,취병리
폐광,비금속,보산탄광,강원,원주시,반곡동,
폐광,금속,부귀,강원,원주시,귀래면,주포리
폐광,금속,부덕,강원,원주시,부론면,법천리
폐광,금속,부론광산,강원,원주시,부론면,손곡리
폐광,비금속,부명광산,강원,원주시,신림면,구학리
폐광,비금속,부영광산,강원,원주시,신림면,송계리
폐광,금속,부영광업소,강원,원주시,신림면,금창리
폐광,금속,산현,강원,원주시,호저면,산현리
폐광,비금속,삼승광업소,강원,원주시,신림면,구학리
폐광,금속,서곡,강원,원주시,판부면,신촌리
폐광,금속,신대(귀래),강원,원주시,귀래면,운남리
폐광,금속,신덕,강원,원주시,귀래면,용암리
폐광,금속,신림,강원,원주시,신림면,성남리
폐광,비금속,신림,강원,원주시,신림면,구학리
폐광,비금속,신산석회석,강원,원주시,신림면,신림리
폐광,비금속,신승석회광산,강원,원주시,신림면,용암리
폐광,비금속,삼성,대구,달성군,옥포읍,기세리
폐광,금속,영화광산,강원,원주시,귀래면,귀래리
폐광,금속,용소광산,강원,원주시,신림면,용암리
폐광,금속,용암광산,강원,원주시,귀래면,용암리
폐광,비금속,운막규석광업소,강원,원주시,문막읍,궁촌리
폐광,비금속,원주,강원,원주시,행구동,
폐광,비금속,원주광산,강원,원주시,행구동,
폐광,금속,원주대명,강원,원주시,부론면,정산리
폐광,금속,원풍,강원,원주시,문막읍,비두리
폐광,금속,"이욱,성덕",강원,원주시,신림면,송계리
폐광,금속,장원광산,강원,원주시,문막읍,비두리
폐광,금속,정기,강원,원주시,문막읍,취병리
폐광,금속,천운금광,강원,원주시,흥업면,매지리
폐광,금속,충덕(부론),강원,원주시,부론면,손곡리
폐광,비금속,치악,강원,원주시,판부면,금대리
폐광,금속,포옥,강원,원주시,흥업면,흥업리
폐광,금속,형남,강원,원주시,귀래면,운남리
폐광,금속,황둔광산,강원,원주시,신림면,황둔리
폐광,금속,황부,강원,원주시,부론면,법천리
폐광,비금속,가리산규석,강원,인제군,인제읍,가리산리
폐광,금속,관대대성,강원,인제군,기린면,서리
폐광,금속,군량,강원,인제군,인제읍,귀둔리
폐광,금속,대천,강원,인제군,기린면,북리
폐광,금속,명지,강원,인제군,기린면,방동리
폐광,금속,미산,강원,인제군,상남면,미산리
폐광,비금속,복곡,강원,인제군,상남면,상남리
폐광,비금속,서리,강원,인제군,기린면,서리
폐광,비금속,서한광업소,강원,인제군,북면,원통리
폐광,비금속,세황규석광산,강원,인제군,기린면,방동리
폐광,금속,수산,강원,인제군,남면,수산리
폐광,금속,어론리,강원,인제군,남면,어론리
폐광,비금속,옥둔광산,강원,인제군,인제읍,귀둔리
폐광,비금속,용대리,강원,인제군,북면,용대리
폐광,비금속,원통광산,강원,인제군,북면,원통리
폐광,금속,유풍,강원,인제군,남면,어론리
폐광,금속,인성,강원,인제군,기린면,방동리
폐광,금속,인제,강원,인제군,북면,한계리
폐광,금속,진부광산,강원,인제군,북면,용대리
폐광,금속,천덕,강원,인제군,기린면,방동리
폐광,금속,한계리,강원,인제군,북면,한계리
폐광,비금속,가나안광업,강원,정선군,정선읍,귤암리
폐광,금속,강원광산,강원,정선군,화암면,화암리
폐광,금속,경원,강원,정선군,여량면,여량리
폐광,석탄,경일,강원,정선군,고한읍,고한리
폐광,석탄,경일-경산,강원,정선군,고한읍,고한리
폐광,석탄,경일-현대제일,강원,정선군,고한읍,고한리
폐광,금속,고양,강원,정선군,여량면,고양리
폐광,금속,고양리,강원,정선군,여량면,고양리
폐광,금속,공영광산,강원,정선군,임계면,용산리
폐광,금속,구룡광산,강원,정선군,신동읍,예미리
폐광,석탄,구절리,강원,정선군,여량면,구절리
폐광,금속,규암광산,강원,정선군,정선읍,귤암리
폐광,석탄,귤암,강원,정선군,정선읍,귤암리
폐광,석탄,나전,강원,정선군,북평면,북평리
폐광,금속,낙동,강원,정선군,남면,낙동리
폐광,비금속,대보양행제2,강원,정선군,정선읍,귤암리
폐광,비금속,대성,강원,정선군,여량면,고양리
폐광,석탄,대성탄좌(주)정선광업소,강원,정선군,정선읍,회동리
폐광,비금속,대영석회광산,강원,정선군,정선읍,봉양리
폐광,석탄,대한석탄공사함백광업소,강원,정선군,신동읍,방제리
폐광,비금속,대흥갑석,강원,정선군,사북읍,사북리
폐광,금속,덕암,강원,정선군,임계면,문래리
폐광,금속,덕일금산,강원,정선군,화암면,북동리
폐광,금속,덕흥광업소,강원,정선군,임계면,덕암리
폐광,금속,도경,강원,정선군,임계면,임계리
폐광,금속,동경철,강원,정선군,여량면,고양리
폐광,금속,"동남,일동광산",강원,정선군,남면,무릉리
폐광,금속,장락규석,강원,홍천군,서면,마곡리
폐광,비금속,동덕,강원,정선군,남면,광덕리
폐광,금속,동명,강원,정선군,임계면,봉산리
폐광,비금속,동명석회광산,강원,정선군,여량면,여량리
폐광,비금속,동보광업소,강원,정선군,남면,문곡리
폐광,석탄,동성,강원,정선군,여량면,구절리
폐광,석탄,동성-신일,강원,정선군,여량면,구절리
폐광,석탄,동성-진덕,강원,정선군,여량면,구절리
폐광,금속,동양제1광업소,강원,정선군,신동읍,가사리
폐광,비금속,동양제1광업소,강원,정선군,신동읍,예미리
폐광,석탄,동원,강원,정선군,사북읍,사북리
폐광,금속,동원,강원,정선군,화암면,몰운리
폐광,석탄,동원-동북,강원,정선군,사북읍,사북리
폐광,비금속,삼성벤토나이트,울산,북구,산하동,
폐광,석탄,동원-삼왕,강원,정선군,사북읍,사북리
폐광,석탄,동원-성동,강원,정선군,사북읍,사북리
폐광,석탄,동원-영일,강원,정선군,사북읍,사북리
폐광,석탄,동원-우신,강원,정선군,고한읍,고한리
폐광,석탄,동원-유성,강원,정선군,사북읍,사북리
폐광,석탄,동원-태흥,강원,정선군,사북읍,사북리
폐광,비금속,동일자원개발,강원,정선군,여량면,유천리
폐광,비금속,동진광업소,강원,정선군,정선읍,귤암리
폐광,비금속,동해납석,강원,정선군,사북읍,사북리
폐광,비금속,만지,강원,정선군,정선읍,귤암리
폐광,금속,몰운,강원,정선군,화암면,몰운리
폐광,금속,무능(무릉),강원,정선군,남면,무릉리
폐광,비금속,무릉광업소,강원,정선군,남면,무릉리
폐광,석탄,묵산탄광,강원,정선군,남면,무릉리
폐광,금속,문곡,강원,정선군,북평면,문곡리
폐광,비금속,방림석회-번진,강원,정선군,신동읍,예미리
폐광,비금속,백광,강원,정선군,정선읍,회동리
폐광,금속,백전,강원,정선군,화암면,백전리
폐광,금속,보수,강원,정선군,여량면,여량리
폐광,금속,봉산,강원,정선군,임계면,봉산리
폐광,석탄,봉정,강원,정선군,여량면,구절리
폐광,금속,북동,강원,정선군,화암면,북동리
폐광,비금속,북동산,강원,정선군,임계면,덕암리
폐광,석탄,북평,강원,정선군,북평면,장열리
폐광,금속,삼보,강원,정선군,여량면,여량리
폐광,금속,삼양회목철광,강원,정선군,사북읍,직전리
폐광,금속,삼원,강원,정선군,남면,무릉리
폐광,비금속,삼원광산,강원,정선군,정선읍,광하리
폐광,금속,삼원동,강원,정선군,신동읍,가사리
폐광,석탄,삼척탄좌,강원,정선군,고한읍,고한리
폐광,석탄,삼탄-만항,강원,정선군,고한읍,고한리
폐광,석탄,호탄-삼성,전남,화순군,한천면,오음리
폐광,석탄,삼탄-인동,강원,정선군,고한읍,고한리
폐광,금속,생계철,강원,정선군,임계면,임계리
폐광,비금속,서영광업소,강원,정선군,정선읍,귤암리
폐광,금속,석곡,강원,정선군,화암면,석곡리
폐광,금속,석곡,강원,정선군,화암면,석곡리
폐광,금속,성진광산,강원,정선군,여량면,봉정리
폐광,금속,세우광업소,강원,정선군,임계면,문래리
폐광,석탄,세원,강원,정선군,고한읍,고한리
폐광,석탄,세원-거진,강원,정선군,고한읍,고한리
폐광,석탄,세원-달성,강원,정선군,고한읍,고한리
폐광,석탄,세원-동덕,강원,정선군,고한읍,고한리
폐광,석탄,세원-동산,강원,정선군,고한읍,고한리
폐광,석탄,세원-동성,강원,정선군,고한읍,고한리
폐광,석탄,세원-동진,강원,정선군,고한읍,고한리
폐광,비금속,송석,강원,정선군,북평면,나전리
폐광,금속,송전,강원,정선군,화암면,석곡리
폐광,금속,수월,강원,정선군,임계면,덕암리
폐광,비금속,승일산업개발㈜,강원,정선군,임계면,반천리
폐광,비금속,신원,강원,정선군,남면,낙동리
폐광,금속,신진광산,강원,정선군,화암면,몰운리
폐광,비금속,아산광업소,강원,정선군,남면,유평리
폐광,금속,"약천,낙천,세우",강원,정선군,임계면,낙천리
폐광,금속,여탄,강원,정선군,정선읍,여탄리
폐광,석탄,옥갑,강원,정선군,여량면,여량리
폐광,금속,왕재,강원,정선군,여량면,여량리
폐광,금속,왕제,강원,정선군,화암면,백전리
폐광,금속,용산리광산,강원,정선군,임계면,문래리
폐광,비금속,용탄광업소,강원,정선군,정선읍,용탄리
폐광,비금속,우봉광산,강원,정선군,정선읍,귤암리
폐광,석탄,우전-대평,강원,정선군,여량면,구절리
폐광,석탄,우전-신대왕,강원,정선군,여량면,구절리
폐광,금속,운치.신동,강원,정선군,신동읍,운치리
폐광,금속,월용,강원,정선군,정선읍,신월리
폐광,금속,응동산,강원,정선군,남면,문곡리
폐광,금속,의림,강원,정선군,신동읍,가사리
폐광,금속,의암,강원,정선군,정선읍,귤암리
폐광,석탄,자미원,강원,정선군,남면,문곡리
폐광,석탄,자미원-두정,강원,정선군,남면,문곡리
폐광,금속,장열,강원,정선군,북평면,장열리
폐광,석탄,정동,강원,정선군,고한읍,고한리
폐광,석탄,정동-예광,강원,정선군,고한읍,고한리
폐광,비금속,정선,강원,정선군,정선읍,광하리
폐광,금속,정선,강원,정선군,정선읍,신월리
폐광,비금속,정선석회석광산,강원,정선군,여량면,봉정리
폐광,석탄,정선-신태일,강원,정선군,정선읍,회동리
폐광,비금속,정선황룡,강원,정선군,정선읍,귤암리
폐광,금속,제2예게광산,강원,정선군,신동읍,예미리
폐광,비금속,제왕통상,강원,정선군,임계면,도전리
폐광,비금속,제일,강원,정선군,정선읍,용탄리
폐광,비금속,조한(CH정선),강원,정선군,여량면,봉정리
폐광,비금속,중동,강원,정선군,여량면,구절리
폐광,금속,증산,강원,정선군,남면,무릉리
폐광,비금속,증산,강원,정선군,남면,무릉리
폐광,비금속,증산고령토,강원,정선군,남면,무릉리
폐광,금속,진성납석광산,강원,정선군,정선읍,광하리
폐광,금속,천포,강원,정선군,화암면,화암리
폐광,비금속,칠보제1석회석광산,강원,정선군,화암면,석곡리
폐광,비금속,태양,강원,정선군,정선읍,귤암리
폐광,비금속,고단솔텍광업,강원,정선군,임계면,송계리
폐광,금속,풍림,강원,정선군,남면,무릉리
폐광,비금속,풍촌,강원,정선군,남면,무릉리
폐광,비금속,함백고령토,강원,정선군,신동읍,천포리
폐광,비금속,함백고령토,강원,정선군,신동읍,조동리
폐광,금속,"함창,신정선",강원,정선군,화암면,석곡리
폐광,석탄,호림,강원,정선군,정선읍,봉양리
폐광,금속,화성철,강원,정선군,임계면,임계리
폐광,금속,화창,강원,정선군,화암면,화암리
폐광,금속,화표,강원,정선군,화암면,화암리
폐광,금속,강원금용,강원,철원군,갈말읍,신철원리
폐광,금속,광덕광업소,강원,철원군,서면,자등리
폐광,비금속,광덕장석광산,강원,철원군,서면,자등리
폐광,금속,금천,강원,철원군,갈말읍,지경리
폐광,비금속,금화광산,강원,철원군,김화읍,학사리
폐광,비금속,금화도창,강원,철원군,김화읍,도창리
폐광,비금속,김화,강원,철원군,근남면,잠곡리
폐광,금속,대득,강원,철원군,갈말읍,문혜리
폐광,비금속,대헌장석,강원,철원군,갈말읍,신철원리
폐광,금속,동광,강원,철원군,서면,자등리
폐광,금속,동조,강원,철원군,동송읍,상노리
폐광,비금속,만성광업소,강원,철원군,갈말읍,문혜리
폐광,비금속,매월고령토장석광산,강원,철원군,근남면,잠곡리
폐광,금속,문수,강원,철원군,근남면,잠곡리 
폐광,비금속,삼보광업소,강원,철원군,갈말읍,지경리
폐광,비금속,삼부,강원,철원군,갈말읍,신철원리
폐광,비금속,삼양,강원,철원군,동송읍,오지리
폐광,비금속,삼중광산,강원,철원군,갈말읍,지경리
폐광,비금속,신진,강원,철원군,동송읍,상노리
폐광,비금속,육단장석광산,강원,철원군,근남면,육단리
폐광,비금속,자등리,강원,철원군,서면,자등리
폐광,금속,자등리1,강원,철원군,서면,자등리
폐광,비금속,잠곡리,강원,철원군,근남면,잠곡리
폐광,비금속,제2삼부광산,강원,철원군,갈말읍,신철원리
폐광,비금속,철원,강원,철원군,철원읍,관전리
폐광,비금속,청양광산,강원,철원군,갈말읍,지경리
폐광,비금속,태화,강원,철원군,갈말읍,지경리
폐광,비금속,화덕광산,강원,철원군,근남면,잠곡리
폐광,금속,가덕,강원,춘천시,서면,서상리
폐광,비금속,가리산,강원,춘천시,동면,품걸리
폐광,비금속,가평,강원,춘천시,남산면,백양리
폐광,금속,강일,강원,춘천시,사북면,지암리
폐광,금속,"경강,남산",강원,춘천시,남산면,백양리
폐광,비금속,경춘장석광산,강원,춘천시,남산면,백양리
폐광,비금속,광진규석광산,강원,춘천시,서면,안보리
폐광,비금속,금보,강원,춘천시,남산면,행촌리
폐광,금속,남창,강원,춘천시,북산면,조교리
폐광,금속,대동,강원,춘천시,서면,오월리
폐광,비금속,대룡광산,강원,춘천시,동내면,거두리
폐광,금속,대연형석광업소,강원,춘천시,사북면,원평리
폐광,비금속,대우광산,강원,춘천시,신북읍,유포리
폐광,금속,덕흥,강원,춘천시,서면,덕두원리
폐광,비금속,도계,강원,춘천시,사북면,원평리
폐광,금속,동덕,강원,춘천시,서면,방동리
폐광,비금속,무량,강원,춘천시,남산면,방하리
폐광,금속,물노,강원,춘천시,북산면,물로리
폐광,비금속,백천규석,강원,춘천시,남산면,서천리
폐광,비금속,봉화광산,강원,춘천시,남면,가정리
폐광,금속,삼봉,강원,춘천시,동면,품걸리
폐광,비금속,삼성기업㈜남원광업소,전북,임실군,삼계면,산수리
폐광,비금속,삼화형석,강원,춘천시,사북면,신포리
폐광,비금속,석봉광산,강원,춘천시,사북면,고성리
폐광,금속,세창,강원,춘천시,북산면,조교리
폐광,비금속,신동,강원,춘천시,신동면,팔미리
폐광,비금속,여천광산,강원,춘천시,동산면,원창리
폐광,금속,오월,강원,춘천시,서면,오월리
폐광,비금속,우석,강원,춘천시,동면,만천리
폐광,금속,우일,강원,춘천시,서면,덕두원리
폐광,비금속,웅봉,강원,춘천시,북산면,조교리
폐광,비금속,원창규석,강원,춘천시,동산면,봉명리
폐광,비금속,제일,강원,춘천시,사북면,원평리
폐광,금속,지암,강원,춘천시,서면,오월리
폐광,비금속,지암규석광산,강원,춘천시,사북면,지암리
폐광,비금속,지암활석광산,강원,춘천시,사북면,지암리
폐광,비금속,춘성,강원,춘천시,동면,감정리
폐광,비금속,춘성활석광산,강원,춘천시,동면,월곡리
폐광,비금속,춘천규석광산,강원,춘천시,남면,가정리
폐광,금속,춘천삼당,강원,춘천시,사북면,고탄리
폐광,비금속,통곡,강원,춘천시,남면,발산리
폐광,비금속,화악광산,강원,춘천시,사북면,지암리
폐광,금속,화천안국(화천안국 인접광산),강원,춘천시,사북면,오탄리
폐광,금속,화천안국(화천안국 중복),강원,춘천시,사북면,오탄리
폐광,석탄,강원,강원,태백시,동점동,
폐광,석탄,강원-동광,강원,태백시,동점동,
폐광,금속,삼성,전북,장수군,장수읍,식천리
폐광,금속,대덕철산,강원,태백시,원동,
폐광,석탄,대우탄광,강원,태백시,화전동,
폐광,비금속,덕전고령토광산,강원,태백시,원동,
폐광,석탄,동신,강원,태백시,원동,
폐광,석탄,동해,강원,태백시,소도동,
폐광,석탄,동해-남일,강원,태백시,혈동,
폐광,석탄,동해-덕용,강원,태백시,황지동,
폐광,석탄,동해-삼경,강원,태백시,소도동,
폐광,석탄,동해-삼창,강원,태백시,혈동,
폐광,석탄,동해-태극,강원,태백시,소도동,
폐광,석탄,동해-풍산,강원,태백시,혈동,
폐광,석탄,동해-한영,강원,태백시,소도동,
폐광,석탄,보성-삼봉,강원,태백시,화전동,
폐광,석탄,보성-상원,강원,태백시,화전동,
폐광,석탄,보성-세명,강원,태백시,화전동,
폐광,석탄,보성-오성,강원,태백시,화전동,
폐광,석탄,보성-협신,강원,태백시,황지동,
폐광,금속,북삼척,강원,태백시,원동,
폐광,비금속,삼문석회석,강원,태백시,동점동,
폐광,금속,삼조,강원,태백시,조탄동,
폐광,비금속,삼척,강원,태백시,통동,
폐광,석탄,성원,강원,태백시,화전동,
폐광,석탄,성원-원진,강원,태백시,화전동,
폐광,석탄,어룡-광신,강원,태백시,화전동,
폐광,석탄,어룡-대덕,강원,태백시,화전동,
폐광,석탄,어룡-동명,강원,태백시,화전동,
폐광,석탄,우성,강원,태백시,화전동,
폐광,비금속,원동,강원,태백시,원동,
폐광,비금속,원동광업소,강원,태백시,원동,
폐광,비금속,원동백석회석광산,강원,태백시,원동,
폐광,금속,유곡,강원,태백시,철암동,
폐광,금속,장성,강원,태백시,장성동,
폐광,비금속,장성,강원,태백시,장성동,
폐광,비금속,장성납석광산,강원,태백시,문곡동,
폐광,석탄,㈜한보에너지,강원,태백시,통동,
폐광,금속,천의철광산,강원,태백시,적각동,
폐광,비금속,철암,강원,태백시,백산동,
폐광,석탄,㈜태백광업 태백광업소,강원,태백시,화전동,
폐광,석탄,태영,강원,태백시,화전동,
폐광,석탄,태영-경봉,강원,태백시,화전동,
폐광,석탄,태영-덕천,강원,태백시,화전동,
폐광,금속,통리,강원,태백시,통동,
폐광,석탄,한성,강원,태백시,황지동,
폐광,석탄,함태,강원,태백시,황지동,
폐광,석탄,함태-유정,강원,태백시,소도동,
폐광,석탄,함태-한남,강원,태백시,소도동,
폐광,석탄,협성,강원,태백시,황지동,
폐광,석탄,황지,강원,태백시,황지동,
폐광,석탄,황지-광동,강원,태백시,황지동,
폐광,석탄,황지-대동,강원,태백시,황지동,
폐광,석탄,황지-보림,강원,태백시,통동,
폐광,비금속,황지석회석광산,강원,태백시,화전동,
폐광,석탄,황지-영동,강원,태백시,황지동,
폐광,비금속,황지장석,강원,태백시,원동,
폐광,석탄,황지-정우,강원,태백시,황지동,
폐광,석탄,황지-흥보,강원,태백시,황지동,
폐광,금속,(가)계촌리,강원,평창군,방림면,계촌리
폐광,비금속,(가)상진부리,강원,평창군,진부면,상진부리
폐광,비금속,(가)송정리,강원,평창군,진부면,송정리
폐광,비금속,강성석회광산,강원,평창군,평창읍,주진리
폐광,석탄,거문탄광,강원,평창군,진부면,마평리
폐광,비금속,경동광업소,강원,평창군,방림면,방림리
폐광,비금속,국제광업,강원,평창군,방림면,운교리
폐광,비금속,근풍광물㈜,강원,평창군,대화면,신리
폐광,석탄,금용,강원,평창군,미탄면,율치리
폐광,금속,금주광산,강원,평창군,방림면,계촌리
폐광,비금속,남옥규석광산,강원,평창군,방림면,방림리
폐광,석탄,대동,강원,평창군,대화면,신리
폐광,비금속,대미광산,강원,평창군,봉평면,유포리
폐광,석탄,대양,강원,평창군,미탄면,율치리
폐광,금속,대창광산,강원,평창군,평창읍,향동리
폐광,비금속,대화,강원,평창군,대화면,대화리
폐광,금속,대화광산,강원,평창군,대화면,대화리
폐광,비금속,대화규석탄광,강원,평창군,대화면,신리
폐광,비금속,덕산광업소,강원,평창군,대화면,대화리
폐광,석탄,동우탄좌,강원,평창군,미탄면,회동리
폐광,금속,동창광산,강원,평창군,평창읍,대하리
폐광,비금속,미림광업소,강원,평창군,평창읍,조동리
폐광,비금속,미창,강원,평창군,미탄면,회동리
폐광,석탄,미탄,강원,평창군,미탄면,회동리
폐광,석탄,미탄제일광업소,강원,평창군,미탄면,평안리
폐광,금속,방림,강원,평창군,방림면,운교리
폐광,금속,봉산광산,강원,평창군,진부면,봉산리
폐광,금속,부암진부,강원,평창군,진부면,송정리
폐광,비금속,삼륜운모광산,강원,평창군,평창읍,입탄리
폐광,금속,성안,강원,평창군,평창읍,원당리
폐광,석탄,성창광업소,강원,평창군,미탄면,백운리
폐광,비금속,신진방림,강원,평창군,방림면,운교리
폐광,금속,염평광업소,강원,평창군,평창읍,대상리
폐광,석탄,영월(석공영월광업소),강원,평창군,미탄면,율치리
폐광,비금속,영월석회석광산,강원,평창군,대화면,하안미리
폐광,금속,"영평,백성",강원,평창군,평창읍,대하리
폐광,금속,오대산,강원,평창군,진부면,동산리
폐광,금속,옥령,강원,평창군,평창읍,후평리
폐광,금속,양덕원,강원,홍천군,남면,남노일리
폐광,비금속,유콘산업,강원,삼척시,미로면,상사전리
폐광,금속,옥령광산,강원,평창군,평창읍,입탄리
폐광,금속,옥령광산,강원,평창군,평창읍,입탄리
폐광,비금속,옥풍,강원,평창군,미탄면,평안리
폐광,비금속,용두광산,강원,평창군,방림면,방림리
폐광,석탄,용배,강원,평창군,미탄면,평안리
폐광,비금속,용평광업소,강원,평창군,용평면,이목정리
폐광,석탄,우진,강원,평창군,평창읍,주진리
폐광,석탄,우진-국안,강원,평창군,평창읍,주진리
폐광,금속,운교,강원,평창군,방림면,운교리
폐광,비금속,윤창광업소,강원,평창군,방림면,계촌리
폐광,석탄,정개,강원,평창군,미탄면,백운리
폐광,금속,제1옥령광산,강원,평창군,평창읍,하일리
폐광,비금속,지동광산,강원,평창군,평창읍,지동리
폐광,금속,진부,강원,평창군,대관령면,유천리
폐광,비금속,진부,강원,평창군,진부면,동산리
폐광,석탄,진부,강원,평창군,진부면,마평리
폐광,비금속,진부창업소,강원,평창군,진부면,마평리
폐광,비금속,진흥개발,강원,평창군,미탄면,율치리
폐광,석탄,창동탄광,강원,평창군,평창읍,
폐광,금속,창성,강원,평창군,대관령면,횡계리
폐광,금속,창성광산,강원,평창군,대관령면,횡계리
폐광,석탄,태성,강원,평창군,미탄면,율치리
폐광,금속,평창,강원,평창군,평창읍,입탄리
폐광,금속,평창광산,강원,평창군,평창읍,대상리
폐광,비금속,평창대리석광산,강원,평창군,미탄면,창리
폐광,비금속,평창석회광업소,강원,평창군,평창읍,노론리
폐광,석탄,평창탄좌,강원,평창군,평창읍,고길리
폐광,비금속,한독산업평창광산,강원,평창군,평창읍,주진리
폐광,석탄,한무령,강원,평창군,미탄면,평안리
폐광,석탄,한창,강원,평창군,미탄면,평안리
폐광,비금속,건우광업소,강원,홍천군,서석면,수하리
폐광,비금속,군업리,강원,홍천군,화촌면,군업리
폐광,비금속,굴운리,강원,홍천군,화촌면,굴운리
폐광,금속,굴운리(청량골),강원,홍천군,화촌면,굴운리
폐광,금속,금물산,강원,홍천군,남면,유치리
폐광,금속,금왕,강원,홍천군,동면,월운리
폐광,금속,금풍,강원,홍천군,내촌면,와야리
폐광,금속,금화,강원,홍천군,내촌면,화상대리
폐광,금속,대남,강원,홍천군,두촌면,괘석리
폐광,금속,대성,강원,홍천군,화촌면,야시대리
폐광,비금속,대원,강원,홍천군,두촌면,역내리
폐광,비금속,대진,강원,홍천군,동면,노천리
폐광,금속,대진광산,강원,홍천군,내촌면,광암리
폐광,금속,대화,강원,홍천군,서면,마곡리
폐광,금속,도목동,강원,홍천군,두촌면,장남리
폐광,비금속,동경세라믹스광산,강원,홍천군,서석면,수하리
폐광,금속,동양홍천,강원,홍천군,두촌면,자은리
폐광,금속,두촌,강원,홍천군,두촌면,자은리
폐광,금속,모곡광산,강원,홍천군,서면,길곡리
폐광,금속,문현,강원,홍천군,내촌면,문현리
폐광,금속,물걸리,강원,홍천군,내촌면,물걸리
폐광,금속,백암,강원,홍천군,내촌면,도관리
폐광,비금속,보성산업㈜홍천지점,강원,홍천군,영귀미면,성수리
폐광,금속,부광,강원,홍천군,두촌면,장남리
폐광,금속,부광소림,강원,홍천군,두촌면,자은리
폐광,비금속,부사광산,강원,홍천군,북방면,부사원리
폐광,비금속,북방석회석광산,강원,홍천군,북방면,부사원리
폐광,금속,삼덕,강원,홍천군,화촌면,장평리
폐광,금속,삼야,강원,홍천군,내촌면,와야리
폐광,금속,삼익,강원,홍천군,내촌면,도관리
폐광,금속,삼호광산,강원,홍천군,홍천읍,삼마치리
폐광,금속,삼화,강원,홍천군,내촌면,화상대리
폐광,비금속,삼화광산,강원,홍천군,두촌면,장남리
폐광,금속,서화,강원,홍천군,서석면,어론리
폐광,금속,석담,강원,홍천군,서면,모곡리
폐광,금속,수서,강원,홍천군,내촌면,도관리
폐광,금속,신성,강원,홍천군,동면,덕치리
폐광,금속,야시대,강원,홍천군,화촌면,야시대리
폐광,금속,양덕원,강원,홍천군,북방면,노일리
폐광,비금속,오부,강원,홍천군,홍천읍,와동리
폐광,금속,용마광산,강원,홍천군,화촌면,장평리
폐광,비금속,용삼,강원,홍천군,북방면,굴지리
폐광,금속,용수,강원,홍천군,남면,용수리
폐광,금속,장사랑광산,강원,홍천군,두촌면,장남리
폐광,비금속,중원도석,강원,홍천군,두촌면,괘석리
폐광,금속,진흥광산,강원,홍천군,화촌면,군업리
폐광,비금속,천강광업소,강원,홍천군,북방면,원소리
폐광,비금속,천연광산,강원,홍천군,내면,광원리
폐광,금속,철정,강원,홍천군,두촌면,철정리
폐광,금속,철정(복골),강원,홍천군,두촌면,철정리
폐광,금속,청룡광산,강원,홍천군,두촌면,역내리
폐광,비금속,충효,강원,홍천군,화촌면,야시대리
폐광,비금속,태화,강원,홍천군,북방면,북방리
폐광,금속,풍암,강원,홍천군,서석면,어론리
폐광,금속,풍영,강원,홍천군,내촌면,답풍리
폐광,비금속,한국흑연,강원,홍천군,내면,방내리
폐광,비금속,한영규석광업소(유돈광산),강원,홍천군,화촌면,주음치리
폐광,금속,홍천광산,강원,홍천군,화촌면,내삼포리
폐광,비금속,홍천규석광산,강원,홍천군,북방면,북방리
폐광,금속,홍천자은,강원,홍천군,두촌면,천현리
폐광,금속,화전리,강원,홍천군,남면,화전리
폐광,비금속,계성광업소,강원,화천군,하남면,계성리
폐광,비금속,광덕제1광업소,강원,화천군,사내면,광덕리
폐광,비금속,두원,강원,화천군,상서면,부촌리
폐광,비금속,단록,강원,화천군,상서면,다목리
폐광,비금속,대한형석-화천,강원,화천군,상서면,구운리
폐광,비금속,덕곡,강원,화천군,사내면,광덕리
폐광,금속,백룡(흥국),강원,화천군,사내면,용담리
폐광,비금속,사내,강원,화천군,사내면,사창리
폐광,비금속,사내신포,강원,화천군,사내면,사창리
폐광,비금속,산양광산,강원,화천군,상서면,봉오리
폐광,비금속,삼일,강원,화천군,사내면,삼일리
폐광,비금속,삼화,강원,화천군,하남면,삼화리
폐광,금속,상보,강원,화천군,사내면,광덕리
폐광,비금속,소화,강원,화천군,상서면,구운리
폐광,비금속,신춘,강원,화천군,간동면,오음리
폐광,금속,오봉광산,강원,화천군,간동면,간척리
폐광,비금속,옥계광산,강원,화천군,상서면,구운리
폐광,비금속,일진광업소,강원,화천군,상서면,봉오리
폐광,금속,장성,강원,화천군,화천읍,하리
폐광,비금속,제2문등,강원,화천군,하남면,계성리
폐광,비금속,청학,강원,화천군,사내면,광덕리
폐광,비금속,춘봉,강원,화천군,사내면,명월리
폐광,금속,춘흥,강원,화천군,하남면,서오지리
폐광,금속,태산,강원,화천군,화천읍,상리
폐광,비금속,한림광산,강원,화천군,간동면,용호리
폐광,금속,화월,강원,화천군,하남면,원천리
폐광,비금속,화월,강원,화천군,하남면,서오지리
폐광,비금속,화춘,강원,화천군,사내면,명월리
폐광,금속,황우,강원,화천군,상서면,다목리
폐광,금속,흥국,강원,화천군,사내면,용담리
폐광,금속,(가)상대리,강원,횡성군,갑천면,상대리
폐광,금속,(가)신대리,강원,횡성군,청일면,신대리
폐광,금속,(가)초원리,강원,횡성군,공근면,초원리
폐광,금속,갑천광산,강원,횡성군,갑천면,율동리
폐광,비금속,갑천규석,강원,횡성군,청일면,신대리
폐광,금속,강림,강원,횡성군,강림면,월현리
폐광,비금속,강원규석,강원,횡성군,공근면,초원리
폐광,비금속,공리광산,강원,횡성군,공근면,행정리
폐광,금속,공영광산,강원,횡성군,청일면,봉명리
폐광,비금속,광덕광업소,강원,횡성군,청일면,갑천리
폐광,금속,금천광업소,강원,횡성군,서원면,유현리
폐광,금속,금천지,강원,횡성군,공근면,초원리
폐광,비금속,대원장석광산,강원,횡성군,공근면,공근리
폐광,비금속,동양규석광산,강원,횡성군,갑천면,하대리
폐광,금속,면천,강원,횡성군,안흥면,성산리
폐광,금속,물안,강원,횡성군,서원면,금대리
폐광,비금속,백호,강원,횡성군,공근면,학담리
폐광,금속,병지방광산,강원,횡성군,갑천면,병지방리
폐광,금속,삼생,강원,횡성군,청일면,춘당리
폐광,금속,삼청,강원,횡성군,둔내면,조항리
폐광,비금속,성각,강원,횡성군,공근면,학담리
폐광,비금속,성일,강원,횡성군,서원면,유현리
폐광,비금속,신흥,강원,횡성군,공근면,어둔리
폐광,비금속,옥산광업소,강원,횡성군,횡성읍,학곡리
폐광,금속,옥성현대,강원,횡성군,서원면,옥계리
폐광,금속,욱창,강원,횡성군,갑천면,병지방리
폐광,비금속,입연,강원,횡성군,갑천면,매일리
폐광,금속,장원중석,강원,횡성군,청일면,신대리
폐광,금속,정곡,강원,횡성군,우천면,오원리
폐광,금속,정곡광업소,강원,횡성군,우천면,오원리
폐광,금속,정금,강원,횡성군,우천면,정금리
폐광,금속,정금,강원,횡성군,갑천면,구방리
폐광,금속,천곡,강원,횡성군,갑천면,병지방리
폐광,금속,천곡광산,강원,횡성군,갑천면,병지방리
폐광,금속,청일,강원,횡성군,갑천면,병지방리
폐광,금속,태동철,강원,횡성군,횡성읍,학곡리
폐광,금속,풍암,강원,횡성군,청일면,속실리
폐광,금속,학원,강원,횡성군,갑천면,병지방리
폐광,금속,현대,강원,횡성군,서원면,창촌리
폐광,금속,협주광산,강원,횡성군,갑천면,병지방리
폐광,금속,양양,강원,양양군,서면,장승리
폐광,석탄,(대동)재덕,강원,평창군,대화면,신리
폐광,석탄,(황지)유창,강원,삼척시,도계읍,심포리
폐광,금속,"가덕, 우일",강원,춘천시,서면,서상리
폐광,석탄,구룡,강원,강릉시,강동면,산성우리
폐광,석탄,대용대창,강원,평창군,미탄면,
폐광,금속,덕일금산,강원,정선군,화암면,북동리
폐광,금속,동보,강원,고성군,현내면,명파리
폐광,석탄,동성(신영),강원,정선군,여량면,구절리
폐광,석탄,동원2,강원,영월군,,
폐광,석탄,보성,강원,태백시,화전동,
폐광,석탄,보성광업,강원,태백시,화전동,
폐광,금속,"삼원, 상월(문곡)",강원,삼척시,노곡면,상월산리
폐광,금속,상동,강원,영월군,상동읍,천평리
폐광,금속,서석,강원,홍천군,서석면,검산리
폐광,금속,"서유, 골지리",강원,정선군,임계면,골지리
폐광,금속,서유골지리,강원,정선군,임계면,문래리
폐광,금속,성안,강원,영월군,수주면,
폐광,석탄,세원(두문동천),강원,정선군,고한읍,고한리
폐광,금속,"신림, 석광",강원,원주시,신림면,신림리
폐광,석탄,영월,강원,영월군,영월읍,하송리
폐광,석탄,용배일,강원,정선군,정선읍,용탄3리
폐광,금속,중봉,강원,삼척시,하장면,갈전리
폐광,석탄,직동,강원,영월군,중동면,
폐광,석탄,태극(삼경갱),강원,태백시,소도동,
폐광,금속,원동,강원,태백시,원동,
폐광,석탄,태일,강원,정선군,정선읍,
폐광,석탄,홍성,강원,영월군,김삿갓면,
폐광,금속,화월,강원,화천군,하남면,원천리
폐광,금속,미석,강원,정선군,남면,무릉리
폐광,석탄,삼안,강원,정선군,정선읍,회동리
폐광,금속,광산,광주,광산구,광산동,
폐광,비금속,비아점토,광주,광산구,도천동,
폐광,비금속,하남고령토,광주,광산구,산정동,
폐광,금속,황룡,광주,광산구,서봉동,
폐광,금속,어등,광주,광산구,선암동,
폐광,금속,임곡,광주,광산구,신룡동,
폐광,금속,광일,광주,광산구,신창동,
폐광,금속,대봉,광주,광산구,양산동,
폐광,비금속,광산점토,광주,광산구,연산동,
폐광,금속,삼봉,광주,광산구,오운동,
폐광,비금속,서창,광주,광산구,우산동,
폐광,금속,운남,광주,광산구,운남동,
폐광,비금속,광산점토,광주,광산구,월계동,
폐광,금속,봉황,광주,광산구,월곡동,
폐광,금속,용진,광주,광산구,임곡동,
폐광,금속,길웅,광주,광산구,장덕동,
폐광,비금속,장덕,광주,광산구,장덕동,
폐광,비금속,송정고령토,광주,광산구,지죽동,
폐광,금속,송강,광주,광산구,진곡동,
폐광,금속,황룡,광주,광산구,황룡동,
폐광,금속,송학산,광주,남구,압촌동,
폐광,비금속,광주,광주,동구,소태동,
폐광,비금속,거북,광주,북구,본촌동,
폐광,비금속,대창,광주,서구,용두동,
폐광,비금속,동원소재-대광,광주,서구,치평동,
폐광,비금속,다덕,전남,강진군,강진읍,목리
폐광,비금속,뉴강진,전남,강진군,강진읍,송덕리
폐광,비금속,대선,전남,강진군,강진읍,임천리
폐광,비금속,강진청자,전남,강진군,강진읍,목리
폐광,금속,강진금능,전남,강진군,군동면,용소리
폐광,비금속,강남,전남,강진군,군동면,호계리
폐광,비금속,석문,전남,강진군,도암면,석문리
폐광,비금속,오리엔탈통상co덕용산(만덕산),전남,강진군,도암면,석문리
폐광,비금속,신전청자,전남,강진군,신전면,벌정리
폐광,비금속,경안,전남,강진군,신전면,수양리
폐광,비금속,용전,전남,강진군,신전면,용화리
폐광,금속,장흥,전남,강진군,작천면,풍길리
폐광,비금속,남도,전남,강진군,작천면,현산리
폐광,금속,서흥,전남,고흥군,고흥읍,호형리
폐광,비금속,고라금,전남,고흥군,금산면,신촌리
폐광,비금속,동서,전남,고흥군,금산면,신촌리
폐광,비금속,남양고령토,전남,고흥군,남양면,신흥리
폐광,비금속,금마,전남,고흥군,대서면,금마리
폐광,금속,대서,전남,고흥군,대서면,남정리
폐광,비금속,동아,전남,고흥군,도덕면,가야리
폐광,비금속,소포리,전남,고흥군,도덕면,가야리
폐광,금속,어영,전남,고흥군,도덕면,도덕리
폐광,비금속,녹도,전남,고흥군,도양읍,용정리
폐광,금속,삼양,전남,고흥군,도양읍,용정리
폐광,비금속,고흥,전남,고흥군,동강면,한천리
폐광,비금속,흰돌광산,전남,고흥군,풍양면,매곡리
폐광,금속,풍남,전남,고흥군,풍양면,송정리
폐광,금속,천등,전남,고흥군,풍양면,풍남리
폐광,비금속,곡성,전남,곡성군,겸면,괴정리
폐광,금속,전일,전남,곡성군,겸면,산정리
폐광,비금속,보문,전남,곡성군,고달면,뇌죽리
폐광,비금속,고달,전남,곡성군,고달면,목동리
폐광,비금속,고려,전남,곡성군,곡성읍,서계리
폐광,비금속,괴목,전남,곡성군,목사동면,죽정리
폐광,금속,곡성,전남,곡성군,오곡면,침곡리
폐광,금속,금지,전남,곡성군,오곡면,침곡리
폐광,비금속,옥과,전남,곡성군,옥과면,수리
폐광,금속,성원,전남,곡성군,입면,제월리
폐광,비금속,우성,전남,곡성군,죽곡면,고치리
폐광,비금속,태원,전남,곡성군,죽곡면,원달리
폐광,금속,광양(초남),전남,광양시,광양읍,사곡리
폐광,금속,익신,전남,광양시,광양읍,사곡리
폐광,금속,덕재,전남,광양시,광양읍,우산리
폐광,금속,초남,전남,광양시,광양읍,초남리
폐광,비금속,영수규석,전남,광양시,봉강면,구서리
폐광,금속,석동,전남,광양시,봉강면,봉당리
폐광,금속,봉강,전남,광양시,봉강면,신룡리
폐광,비금속,신룡,전남,광양시,봉강면,신룡리
폐광,비금속,계림,전남,광양시,성황동,
폐광,금속,이풍,전남,광양시,성황동,
폐광,비금속,금오,전남,광양시,옥곡면,묵백리
폐광,금속,옥곡,전남,광양시,옥곡면,선유리
폐광,금속,금성,전남,광양시,옥룡면,용곡리
폐광,금속,옥동,전남,광양시,옥룡면,용곡리
폐광,금속,왕금,전남,광양시,옥룡면,용곡리
폐광,금속,석동,전남,광양시,옥룡면,운평리
폐광,비금속,강진-죽림,전남,광양시,옥룡면,죽천리
폐광,비금속,광양,전남,광양시,옥룡면,추산리
폐광,비금속,망덕고령토,전남,광양시,진월면,망덕리
폐광,비금속,태극,전남,구례군,광의면,방광리
폐광,비금속,구례흑연,전남,구례군,구례읍,계산리
폐광,비금속,삼덕,전남,구례군,구례읍,계산리
폐광,금속,신흥구례,전남,구례군,구례읍,봉서리
폐광,비금속,구례동광,전남,구례군,문척면,중산리
폐광,비금속,구례,전남,구례군,산동면,둔사리
폐광,비금속,구례금성,전남,구례군,산동면,둔사리
폐광,비금속,홍일,전남,구례군,산동면,신학리
폐광,비금속,신성프리훼보,전남,구례군,용방면,사림리
폐광,금속,공산,전남,나주시,공산면,금곡리
폐광,금속,남성사금,전남,나주시,공산면,신곡리
폐광,금속,덕음,전남,나주시,공산면,신곡리
폐광,비금속,사성,전남,나주시,관정동,
폐광,금속,나주,전남,나주시,노안면,구정리
폐광,비금속,대진,전남,나주시,동강면,양지리
폐광,비금속,영산고령토,전남,나주시,동강면,장동리
폐광,금속,옥당,전남,나주시,문평면,옥당리
폐광,비금속,신북고령토,전남,나주시,반남면,덕산리
폐광,금속,성주,전남,나주시,반남면,석천리
폐광,금속,반남,전남,나주시,반남면,흥덕리
폐광,금속,대동,전남,나주시,봉황면,용곡리
폐광,금속,봉황,전남,나주시,봉황면,황용리
폐광,금속,산포,전남,나주시,산포면,내기리
폐광,비금속,산포광산,전남,나주시,산포면,매성리
폐광,비금속,호남,전남,나주시,산포면,매성리
폐광,비금속,금천,전남,나주시,산포면,신도리
폐광,비금속,억만,전남,나주시,세지면,성산리
폐광,금속,나왕,전남,나주시,왕곡면,송죽리
폐광,금속,삼량,전남,나주시,왕곡면,송죽리
폐광,비금속,백제-해동고령토,전남,나주시,왕곡면,신원리
폐광,금속,봉왕,전남,나주시,왕곡면,신원리
폐광,금속,좌창,전남,나주시,왕곡면,신포리
폐광,금속,영산포모나즈,전남,나주시,왕곡면,양산리
폐광,금속,금과,전남,담양군,금성면,봉황리
폐광,비금속,연우정광,전남,담양군,가사문학면,만월리
폐광,금속,무등,전남,담양군,가사문학면,무동리
폐광,금속,백구,전남,담양군,담양읍,남산리
폐광,금속,대덕,전남,담양군,대덕면,운암리
폐광,비금속,수북고령토,전남,담양군,수북면,남산리
폐광,금속,삼인산,전남,담양군,수북면,오정리
폐광,금속,산성,전남,담양군,용면,도림리
폐광,비금속,신흥,전남,담양군,용면,쌍태리
폐광,비금속,신흥,전남,담양군,용면,추성리
폐광,비금속,대륙,전남,담양군,월산면,중월리
폐광,비금속,목포,전남,목포시,달동,
폐광,비금속,무안,전남,무안군,몽탄면,구산리
폐광,비금속,전남석회,전남,무안군,몽탄면,내리
폐광,비금속,하동,전남,무안군,무안읍,교촌리
폐광,비금속,무안석회석,전남,무안군,무안읍,용월리
폐광,비금속,오룡,전남,무안군,삼향읍,용포리
폐광,비금속,고이도,전남,무안군,운남면,내리
폐광,비금속,영선,전남,무안군,운남면,내리
폐광,비금속,망운,전남,무안군,운남면,연리
폐광,비금속,무안점토,전남,무안군,운남면,연리
폐광,비금속,운남고령토,전남,무안군,운남면,연리
폐광,비금속,망운,전남,무안군,운남면,하묘리
폐광,비금속,동원소재-둔포,전남,무안군,일로읍,감돈리
폐광,비금속,청계장석,전남,무안군,청계면,강정리
폐광,비금속,한일규사,전남,무안군,청계면,월선리
폐광,비금속,청계,전남,무안군,청계면,청계리
폐광,비금속,청계,전남,무안군,청계면,청수리
폐광,비금속,태성,전남,무안군,청계면,태봉리
폐광,금속,삼보,전남,무안군,해제면,광산리
폐광,비금속,덕산,전남,무안군,해제면,덕산리
폐광,금속,"오중,삼중",전남,무안군,해제면,만풍리
폐광,비금속,해강고령토,전남,무안군,해제면,만풍리
폐광,비금속,해제,전남,무안군,해제면,산길리
폐광,비금속,두산,전남,무안군,해제면,양월리
폐광,비금속,삼일,전남,무안군,해제면,양월리
폐광,비금속,해도,전남,무안군,해제면,양월리
폐광,금속,대천사금,전남,무안군,해제면,용학리
폐광,금속,금아,전남,무안군,해제면,임수리
폐광,비금속,무안도석,전남,무안군,해제면,임수리
폐광,비금속,산고,전남,무안군,해제면,임수리
폐광,비금속,천장,전남,무안군,해제면,천장리
폐광,비금속,오류,전남,무안군,현경면,마산리
폐광,비금속,명신,전남,무안군,현경면,용정리
폐광,비금속,무안,전남,무안군,현경면,용정리
폐광,비금속,무안광산,전남,무안군,현경면,평산리
폐광,비금속,현암고령토,전남,무안군,현경면,평산리
폐광,비금속,해운,전남,무안군,현경면,해운리
폐광,비금속,겸백석면,전남,보성군,겸백면,사곡리
폐광,비금속,주봉,전남,보성군,노동면,광곡리
폐광,금속,명봉,전남,보성군,노동면,명봉리
폐광,비금속,득량,전남,보성군,득량면,도촌리
폐광,금속,가고광산,전남,보성군,문덕면,귀산리
폐광,금속,두문골,전남,보성군,문덕면,귀산리
폐광,금속,보덕1,전남,보성군,문덕면,용암리
폐광,금속,보덕2,전남,보성군,문덕면,귀산리
폐광,금속,청달금,전남,보성군,문덕면,동산리
폐광,금속,광산,전남,보성군,문덕면,봉갑리
폐광,금속,보금,전남,보성군,문덕면,봉갑리
폐광,비금속,보성,전남,보성군,문덕면,봉갑리
폐광,금속,전보,전남,보성군,문덕면,봉정리
폐광,금속,오양,전남,보성군,문덕면,죽산리
폐광,금속,보성,전남,보성군,미력면,미력리
폐광,석탄,실전탄광,전남,보성군,미력면,미력리
폐광,금속,광진,전남,보성군,미력면,화방리
폐광,비금속,대포고령토,전남,보성군,벌교읍,대포리
폐광,비금속,영동,전남,보성군,벌교읍,영등리
폐광,비금속,금광수정,전남,보성군,벌교읍,장도리
폐광,금속,모령,전남,보성군,보성읍,대야리
폐광,금속,신한,전남,보성군,보성읍,쾌상리
폐광,금속,산양,전남,보성군,복내면,계산리
폐광,금속,청월,전남,보성군,복내면,동교리
폐광,금속,서리실,전남,보성군,복내면,반석리
폐광,금속,복내,전남,보성군,복내면,복내리
폐광,석탄,삼호,전남,보성군,복내면,시천리
폐광,금속,동원,전남,보성군,복내면,용전리
폐광,금속,삼보-삼관,전남,보성군,복내면,용전리
폐광,비금속,진봉,전남,보성군,복내면,진봉리
폐광,비금속,율어,전남,보성군,율어면,장동리
폐광,비금속,대곡,전남,보성군,조성면,대곡리
폐광,비금속,조성리,전남,보성군,조성면,매현리
폐광,비금속,남보,전남,보성군,조성면,조성리
폐광,비금속,축내,전남,보성군,조성면,축내리
폐광,비금속,구룡,전남,순천시,별량면,구룡리
폐광,비금속,건성,전남,순천시,별량면,금치리
폐광,비금속,순천세라믹,전남,순천시,별량면,운천리
폐광,금속,쌍암,전남,순천시,서면,대구리
폐광,금속,순천,전남,순천시,서면,운평리
폐광,금속,원동,전남,순천시,서면,청소리
폐광,금속,승주,전남,순천시,서면,판교리
폐광,금속,상율,전남,순천시,서면,학구리
폐광,비금속,일곡,전남,순천시,송광면,구룡리
폐광,비금속,삼청석회석,전남,순천시,송광면,낙수리
폐광,금속,승평,전남,순천시,송광면,이읍리
폐광,비금속,한성,전남,순천시,승주읍,도정리
폐광,금속,오성,전남,순천시,승주읍,두월리
폐광,비금속,쌍암도석,전남,순천시,승주읍,신전리
폐광,금속,덕남,전남,순천시,월등면,계월리
폐광,금속,송치,전남,순천시,월등면,계월리
폐광,금속,유일,전남,순천시,월등면,송천리
폐광,금속,천보,전남,순천시,주암면,궁각리
폐광,금속,섬진강,전남,순천시,황전면,금평리
폐광,비금속,덕산-제1,전남,순천시,황전면,대치리
폐광,금속,아독,전남,순천시,황전면,평촌리
폐광,비금속,대초리,전남,신안군,도초면,우이도리
폐광,비금속,비금,전남,신안군,비금면,광대리
폐광,비금속,동양,전남,신안군,비금면,구림리
폐광,비금속,다도제1광산,전남,신안군,신의면,
폐광,비금속,대림규사,전남,신안군,안좌면,산두리
폐광,비금속,두산,전남,신안군,암태면,수곡리
폐광,비금속,흥입,전남,신안군,암태면,신석리
폐광,비금속,대선,전남,신안군,암태면,
폐광,비금속,삼학규사,전남,신안군,압해읍,가룡리
폐광,비금속,해봉고령토,전남,신안군,압해읍,동서리
폐광,비금속,명도규사,전남,신안군,압해읍,매화리
폐광,비금속,압해가룡광업,전남,신안군,압해읍,복룡리
폐광,금속,구만,전남,신안군,압해읍,분매리
폐광,금속,만량,전남,신안군,압해읍,분매리
폐광,금속,무안,전남,신안군,압해읍,분매리
폐광,금속,압해,전남,신안군,압해읍,분매리
폐광,금속,압해도,전남,신안군,압해읍,분매리
폐광,비금속,압해규사,전남,신안군,압해읍,송공리
폐광,비금속,역도규사,전남,신안군,압해읍,송공리
폐광,비금속,경림규사,전남,신안군,임자면,광산리
폐광,비금속,대임규사,전남,신안군,임자면,광산리
폐광,비금속,대종,전남,신안군,임자면,대기리
폐광,비금속,대화산업-대임,전남,신안군,임자면,대기리
폐광,비금속,대도,전남,신안군,임자면,도찬리
폐광,비금속,대성광업,전남,신안군,임자면,도찬리
폐광,비금속,동아-임자도규사,전남,신안군,임자면,도찬리
폐광,비금속,어의리,전남,신안군,임자면,도찬리
폐광,비금속,임자도,전남,신안군,임자면,도찬리
폐광,비금속,수도,전남,신안군,임자면,수도리
폐광,비금속,신안납석,전남,신안군,임자면,이흑암리
폐광,비금속,두산유리,전남,신안군,임자면,재원리
폐광,비금속,신안,전남,신안군,임자면,재원리
폐광,비금속,동구규사,전남,신안군,자은면,면전리
폐광,비금속,동아-백산규사,전남,신안군,자은면,백산리
폐광,비금속,백산,전남,신안군,자은면,백산리
폐광,비금속,백석산,전남,신안군,자은면,백산리
폐광,비금속,협신,전남,신안군,자은면,백산리
폐광,비금속,대동,전남,신안군,자은면,백산리
폐광,비금속,근풍광물,전남,신안군,자은면,송산리
폐광,비금속,면전규사,전남,신안군,자은면,유각리
폐광,비금속,자은규사,전남,신안군,자은면,한운리
폐광,비금속,신안,전남,신안군,장산면,도창리
폐광,비금속,석정광업,전남,신안군,장산면,오음리
폐광,비금속,장산,전남,신안군,장산면,오음리
폐광,비금속,삼해,전남,신안군,장산면,팽진리
폐광,비금속,무안규사,전남,신안군,증도면,우전리
폐광,비금속,목포광업지도,전남,신안군,지도읍,감정리
폐광,비금속,삼향,전남,신안군,지도읍,감정리
폐광,비금속,나작,전남,신안군,지도읍,광정리
폐광,금속,지도,전남,신안군,지도읍,광정리
폐광,비금속,광정고령토,전남,신안군,지도읍,내양리
폐광,비금속,지도납석,전남,신안군,지도읍,선도리
폐광,비금속,서호규사,전남,신안군,팔금면,당고리
폐광,비금속,세일,전남,신안군,팔금면,당고리
폐광,비금속,안좌규사,전남,신안군,팔금면,당고리
폐광,비금속,신일규사,전남,신안군,팔금면,이목리
폐광,비금속,우이도규석,전남,신안군,하의면,능산리
폐광,금속,흑산철1,전남,신안군,흑산면,가거도리
폐광,비금속,운암,전남,신안군,흑산면,다물도리
폐광,비금속,대둔,전남,신안군,흑산면,수리
폐광,비금속,욱,전남,신안군,흑산면,수리
폐광,비금속,돌산,전남,여수시,돌산읍,금봉리
폐광,금속,대돌산,전남,여수시,돌산읍,신복리
폐광,금속,"돌산,여수",전남,여수시,돌산읍,신복리
폐광,비금속,봉황,전남,여수시,돌산읍,율림리
폐광,비금속,율림,전남,여수시,돌산읍,율림리
폐광,금속,영천,전남,여수시,소라면,덕양리
폐광,비금속,복산,전남,여수시,소라면,복산리
폐광,금속,"상금,금비",전남,여수시,소라면,죽림리
폐광,비금속,여수,전남,여수시,소라면,죽림리
폐광,비금속,광암,전남,여수시,율촌면,봉전리
폐광,비금속,부국,전남,여수시,율촌면,취적리
폐광,비금속,여수납석,전남,여수시,중흥동,
폐광,금속,삼택와산,전남,여수시,화장동,
폐광,비금속,개도,전남,여수시,화정면,개도리
폐광,금속,성혜,전남,여수시,화정면,낭도리
폐광,금속,여수화치,전남,여수시,화치동,
폐광,금속,영광,전남,영광군,군서면,만금리
폐광,비금속,낙월,전남,영광군,낙월면,상낙월리
폐광,비금속,남도광업,전남,영광군,낙월면,송이리
폐광,비금속,남해-낙월,전남,영광군,낙월면,송이리
폐광,비금속,남호,전남,영광군,낙월면,송이리
폐광,비금속,송이,전남,영광군,낙월면,송이리
폐광,비금속,유달,전남,영광군,낙월면,송이리
폐광,비금속,홍보산업영광,전남,영광군,백수읍,장산리
폐광,비금속,오봉,전남,영광군,법성면,용성리
폐광,비금속,초포고령토,전남,영광군,법성면,용성리
폐광,비금속,군서,전남,영광군,불갑면,녹산리
폐광,금속,우천,전남,영광군,염산면,봉남리
폐광,비금속,해강,전남,영광군,염산면,상계리
폐광,비금속,야월,전남,영광군,염산면,야월리
폐광,금속,남양사고창,전남,영광군,영광읍,와룡리
폐광,비금속,금정,전남,영암군,금정면,연보리
폐광,금속,한일,전남,영암군,금정면,연소리
폐광,금속,성덕,전남,영암군,도포면,성산리
폐광,비금속,영암,전남,영암군,서호면,청용리
폐광,비금속,신학,전남,영암군,시종면,신학리
폐광,비금속,신북고령토,전남,영암군,신북면,명동리
폐광,금속,화진,전남,영암군,신북면,용산리
폐광,비금속,대진고령토,전남,영암군,신북면,월지리
폐광,비금속,월평납석,전남,영암군,신북면,월평리
폐광,금속,삼명,전남,영암군,신북면,학동리
폐광,비금속,선진,전남,영암군,영암읍,송평리
폐광,비금속,영암,전남,영암군,영암읍,한대리
폐광,비금속,월곡,전남,영암군,영암읍,한대리
폐광,비금속,독천,전남,영암군,학산면,독천리
폐광,금속,상은,전남,영암군,학산면,매월리
폐광,금속,덕천,전남,완도군,군외면,당인리
폐광,비금속,금당,전남,완도군,금당면,차우리
폐광,비금속,평일,전남,완도군,금일읍,화목리
폐광,비금속,광명,전남,완도군,노화읍,구석리
폐광,비금속,화성,전남,완도군,생일면,금곡리
폐광,비금속,자원규사,전남,해남군,송지면,통호리
폐광,비금속,진영,전남,완도군,신지면,월양리
폐광,비금속,약산,전남,완도군,약산면,우두리
폐광,비금속,장암,전남,완도군,완도읍,정도리
폐광,금속,비아,전남,장성군,남면,월정리
폐광,금속,신웅,전남,장성군,동화면,남평리
폐광,비금속,장성,전남,장성군,삼계면,덕산리
폐광,금속,대청,전남,장성군,삼서면,삼계리
폐광,비금속,덕진,전남,장성군,장성읍,덕진리
폐광,비금속,익산,전남,장성군,장성읍,덕진리
폐광,금속,신흥리,전남,장성군,장성읍,용강리
폐광,비금속,장성,전남,장성군,장성읍,유탕리
폐광,금속,장광,전남,장성군,진원면,산동리
폐광,금속,장광,전남,장성군,진원면,학림리
폐광,금속,장흥,전남,장흥군,관산읍,신동리
폐광,비금속,대덕,전남,장흥군,대덕읍,옹암리
폐광,금속,제일1,전남,장흥군,안양면,당암리
폐광,금속,장흥,전남,장흥군,용산면,풍길리
폐광,석탄,장흥,전남,강진군,작천면,야흥리
폐광,비금속,삼영,전남,진도군,고군면,금계리
폐광,비금속,금계패화석,전남,진도군,고군면,향동리
폐광,비금속,녹진,전남,진도군,군내면,녹진리
폐광,비금속,일석,전남,진도군,군내면,녹진리
폐광,비금속,협진도석,전남,진도군,군내면,녹진리
폐광,비금속,협진-진도,전남,진도군,군내면,녹진리
폐광,비금속,진도,전남,진도군,군내면,덕병리
폐광,비금속,가사도금광,전남,진도군,조도면,가사도리
폐광,비금속,보광,전남,진도군,조도면,가사도리
폐광,비금속,해남제1,전남,진도군,조도면,가사도리
폐광,비금속,대우,전남,진도군,조도면,관사도리
폐광,비금속,조도,전남,진도군,조도면,관사도리
폐광,비금속,보전규사,전남,진도군,지산면,보전리
폐광,비금속,서진-대일,전남,진도군,지산면,보전리
폐광,금속,덕양,전남,함평군,대동면,덕산리
폐광,금속,함평,전남,함평군,대동면,용성리
폐광,금속,손불,전남,함평군,손불면,궁산리
폐광,비금속,함평손불,전남,함평군,손불면,궁산리
폐광,비금속,함평제1,전남,함평군,손불면,궁산리
폐광,비금속,함평고령토,전남,함평군,손불면,산남리
폐광,비금속,제일개발,전남,함평군,손불면,석창리
폐광,비금속,신기,전남,함평군,손불면,월천리
폐광,비금속,학산,전남,함평군,손불면,학산리
폐광,금속,금하,전남,함평군,신광면,복흥리
폐광,금속,신광,전남,함평군,신광면,송사리
폐광,비금속,영림점토,전남,함평군,월야면,월악리
폐광,비금속,월야,전남,함평군,월야면,월야리
폐광,비금속,월야고령토,전남,함평군,월야면,월야리
폐광,금속,금적,전남,함평군,학교면,복천리
폐광,금속,천용,전남,함평군,학교면,월호리
폐광,비금속,제3함평,전남,함평군,함평읍,석성리
폐광,비금속,삼진,전남,함평군,해보면,용산리
폐광,비금속,만호,전남,해남군,계곡면,덕정리
폐광,비금속,남곡,전남,해남군,계곡면,방춘리
폐광,비금속,해남규석,전남,해남군,계곡면,법곡리
폐광,비금속,태화광업,전남,해남군,계곡면,여수리
폐광,비금속,해남,전남,해남군,마산면,연구리
폐광,비금속,성락,전남,해남군,문내면,난대리
폐광,비금속,예팩,전남,해남군,문내면,예락리
폐광,비금속,우수영광산,전남,해남군,문내면,예락리
폐광,비금속,지구,전남,해남군,문내면,예락리
폐광,비금속,녹도,전남,해남군,문내면,학동리
폐광,비금속,좌일,전남,해남군,북일면,금당리
폐광,비금속,두륜,전남,해남군,북일면,흥촌리
폐광,비금속,산정,전남,해남군,북평면,영전리
폐광,비금속,영전,전남,해남군,북평면,영전리
폐광,금속,산이,전남,해남군,산이면,덕호리
폐광,비금속,우수영,전남,해남군,산이면,덕호리
폐광,비금속,산이고령토,전남,해남군,산이면,예정리
폐광,금속,진산,전남,해남군,산이면,진산리
폐광,비금속,천일,전남,해남군,산이면,초송리
폐광,비금속,대흥,전남,해남군,삼산면,구림리
폐광,비금속,송지,전남,해남군,송지면,가차리
폐광,비금속,마봉,전남,해남군,송지면,서정리
폐광,비금속,송종,전남,해남군,송지면,송호리
폐광,비금속,해남규석,전남,해남군,송지면,송호리
폐광,비금속,금계,전남,해남군,송지면,어란리
폐광,비금속,사구,전남,해남군,송지면,통호리
폐광,비금속,송산,전남,해남군,옥천면,송산리
폐광,비금속,신죽,전남,해남군,옥천면,신죽리
폐광,비금속,옥천,전남,해남군,옥천면,용산리
폐광,비금속,호남고령토,전남,해남군,옥천면,팔산리
폐광,비금속,금계해남,전남,해남군,현산면,백포리
폐광,비금속,달마,전남,해남군,현산면,월송리
폐광,금속,전풍광산,전남,해남군,화산면,금풍리
폐광,비금속,만호,전남,해남군,화산면,안호리
폐광,비금속,화산규사,전남,해남군,화산면,평호리
폐광,비금속,동국규사,전남,해남군,화원면,매월리
폐광,금속,화원,전남,해남군,화원면,매월리
폐광,비금속,매파규사,전남,해남군,화원면,주광리
폐광,비금속,협동,전남,해남군,화원면,화봉리
폐광,비금속,주동,전남,해남군,황산면,관춘리
폐광,비금속,부곡자원개발,전남,해남군,황산면,부곡리
폐광,비금속,성산,전남,해남군,황산면,부곡리
폐광,비금속,새남,전남,해남군,황산면,연호리
폐광,비금속,천일고령토,전남,해남군,황산면,연호리
폐광,비금속,해남우수령,전남,해남군,황산면,연호리
폐광,비금속,옥매2,전남,해남군,황산면,옥동리
폐광,비금속,황산,전남,해남군,황산면,한자리
폐광,비금속,호동,전남,해남군,황산면,호동리
폐광,비금속,동복납석,전남,화순군,사평면,벽송리
폐광,비금속,벽송,전남,화순군,사평면,벽송리
폐광,비금속,태백,전남,화순군,사평면,원리
폐광,비금속,장전광산,전남,화순군,사평면,장전리
폐광,금속,화남,전남,화순군,도암면,도장리
폐광,금속,화순,전남,화순군,도암면,운월리
폐광,비금속,도암,전남,화순군,도암면,천태리
폐광,비금속,여주활석,전남,화순군,도암면,천태리
폐광,금속,조산광산,전남,화순군,동면,대포리
폐광,석탄,대한석탄공사 화순광업소,전남,화순군,동면,복암리
폐광,석탄,광진,전남,화순군,동복면,가수리
폐광,비금속,동남,전남,화순군,동복면,가수리
폐광,석탄,구암,전남,화순군,동복면,구암리
폐광,금속,동복모나즈,전남,화순군,동복면,신율리
폐광,금속,동신,전남,화순군,동복면,신율리
폐광,석탄,덕신,전남,화순군,동복면,안성리
폐광,비금속,화순규석,전남,화순군,동복면,안성리
폐광,석탄,화복,전남,화순군,동복면,읍애리
폐광,석탄,동양,전남,화순군,동복면,칠정리
폐광,석탄,화창,전남,화순군,백아면,다곡리
폐광,비금속,북면석회석,전남,화순군,백아면,수리
폐광,비금속,백오산,전남,화순군,백아면,용곡리
폐광,석탄,강성,전남,화순군,이양면,강성리
폐광,석탄,강성-삼덕,전남,화순군,이양면,강성리
폐광,석탄,이양,전남,화순군,이양면,강성리
폐광,비금속,이양규석,전남,화순군,이양면,강성리
폐광,금속,활용광산,전남,화순군,이양면,송정리
폐광,비금속,삼우,전남,화순군,이양면,쌍봉리
폐광,석탄,전성,전남,화순군,이양면,용반리
폐광,비금속,송석,전남,화순군,이양면,품평리
폐광,비금속,송석납석,전남,화순군,이양면,품평리
폐광,금속,이양모나즈,전남,화순군,이양면,품평리
폐광,석탄,무등,전남,화순군,청풍면,신석리
폐광,석탄,청풍,전남,화순군,청풍면,이만리
폐광,비금속,능주규석,전남,화순군,춘양면,가봉리
폐광,비금속,기평,전남,화순군,춘양면,대신리
폐광,비금속,호남석회석,전남,화순군,춘양면,용두리
폐광,비금속,용암,전남,화순군,춘양면,우봉리
폐광,석탄,유성,전남,화순군,한천면,동가리
폐광,석탄,동남,전남,화순군,한천면,반곡리
폐광,석탄,화일,전남,화순군,한천면,반곡리
폐광,석탄,(가)삼흥탄광,전남,화순군,한천면,오음리
폐광,비금속,능주,전남,화순군,한천면,오음리
폐광,비금속,성원,전남,화순군,한천면,오음리
폐광,비금속,태양,전남,화순군,한천면,오음리
폐광,비금속,한천,전남,화순군,한천면,오음리
폐광,석탄,호남광업,전남,화순군,한천면,오음리
폐광,석탄,호남탄좌,전남,화순군,한천면,오음리
폐광,석탄,호탄-능성,전남,화순군,한천면,오음리
폐광,석탄,우량-삼성,충남,부여군,외산면,지선리
폐광,석탄,호탄-태백,전남,화순군,한천면,오음리
폐광,석탄,대흥,전남,화순군,한천면,한계리
폐광,석탄,용암탄광,전남,화순군,한천면,한계리
폐광,비금속,일두,전남,화순군,화순읍,감도리
폐광,비금속,대륙,전북,고창군,고창읍,죽림리
폐광,금속,고창,전북,고창군,대산면,율촌리
폐광,금속,덕천,전북,고창군,대산면,율촌리
폐광,비금속,호남고령토,전북,고창군,대산면,중산리
폐광,금속,해용광산,전북,고창군,대산면,해룡리
폐광,비금속,만덕,전북,고창군,부안면,용산리
폐광,비금속,용전,전북,고창군,상하면,자룡리
폐광,비금속,고창,전북,고창군,상하면,장호리
폐광,비금속,사성고령토,전북,고창군,신림면,법지리
폐광,비금속,산림점토,전북,고창군,신림면,송용리
폐광,비금속,신림,전북,고창군,신림면,송용리
폐광,금속,운아,전북,고창군,아산면,용계리
폐광,비금속,광승광업소,전북,고창군,해리면,광승리
폐광,비금속,나포,전북,군산시,나포면,장상리
폐광,비금속,유성,전북,군산시,서수면,관원리
폐광,금속,오성산,전북,군산시,성산면,둔덕리
폐광,금속,충주,전북,군산시,성산면,산곡리
폐광,비금속,삼경,전북,군산시,옥도면,개야도리
폐광,비금속,광대,전북,군산시,옥도면,말도리
폐광,비금속,군옥,전북,군산시,옥산면,당북리
폐광,비금속,군산규석,전북,군산시,옥산면,옥산리
폐광,금속,호남,전북,군산시,임피면,미원리
폐광,금속,대경산업,전북,김제시,금구면,금구리
폐광,금속,금천,전북,김제시,금구면,대화리
폐광,금속,금구,전북,김제시,금구면,선암리
폐광,금속,기룡,전북,김제시,금구면,선암리
폐광,금속,영천,전북,김제시,금구면,선암리
폐광,금속,금호,전북,김제시,금구면,용복리
폐광,금속,김제채금,전북,김제시,금구면,용복리
폐광,금속,동아신광,전북,김제시,금구면,용복리
폐광,금속,월전,전북,김제시,금구면,월전리
폐광,금속,천보-김제사금,전북,김제시,금구면,하신리
폐광,금속,원평,전북,김제시,금산면,구월리
폐광,금속,금성,전북,김제시,금산면,금산리
폐광,금속,금정,전북,김제시,금산면,금산리
폐광,금속,금출창진,전북,김제시,금산면,금산리
폐광,금속,운화,전북,김제시,금산면,금산리
폐광,금속,원명,전북,김제시,금산면,금산리
폐광,금속,광남,전북,김제시,금산면,삼봉리
폐광,금속,도성,전북,김제시,금산면,성계리
폐광,금속,구성,전북,김제시,금산면,쌍용리
폐광,금속,금산,전북,김제시,금산면,쌍용리
폐광,금속,옥천,전북,김제시,금산면,쌍용리
폐광,금속,용호리,전북,김제시,금산면,쌍용리
폐광,금속,한명,전북,김제시,금산면,쌍용리
폐광,비금속,김제도석,전북,김제시,금산면,용산리
폐광,금속,남청도,전북,김제시,금산면,청도리
폐광,금속,모악,전북,김제시,금산면,청도리
폐광,금속,금구,전북,김제시,금산면,청도리
폐광,금속,금만김제,전북,김제시,난봉동,
폐광,비금속,동해석회석,전북,김제시,난봉동,
폐광,금속,금강개발,전북,김제시,백학동,
폐광,금속,대덕사금,전북,김제시,백학동,
폐광,금속,김제,전북,김제시,봉남면,내광리
폐광,금속,동화,전북,김제시,봉남면,화봉리
폐광,비금속,태양,전북,김제시,순동,
폐광,금속,봉월,전북,김제시,오정동,
폐광,금속,용지,전북,김제시,용지면,용암리
폐광,비금속,삼번,전북,김제시,황산면,봉월리
폐광,비금속,황산봉월,전북,김제시,황산면,봉월리
폐광,금속,석재,전북,김제시,황산면,용마리
폐광,금속,용마사금,전북,김제시,황산면,용마리
폐광,금속,금지사금,전북,남원시,금지면,상신리
폐광,금속,대강,전북,남원시,대강면,방산리
폐광,금속,금성,전북,남원시,대산면,금성리
폐광,금속,산성,전북,남원시,대산면,금성리
폐광,비금속,대산,전북,남원시,대산면,신계리
폐광,비금속,달궁,전북,남원시,산내면,덕동리
폐광,비금속,산내,전북,남원시,산내면,덕동리
폐광,비금속,산동,전북,남원시,산동면,식련리
폐광,금속,고남,전북,남원시,산동면,월석리
폐광,비금속,고은,전북,남원시,수지면,남창리
폐광,비금속,이백,전북,남원시,식정동,
폐광,비금속,운봉,전북,남원시,운봉읍,덕산리
폐광,비금속,한성,전북,남원시,이백면,강기리
폐광,비금속,"화계,문태",전북,남원시,주생면,지당리
폐광,금속,화신광산,전북,남원시,화정동,
폐광,비금속,대보,전북,무주군,무주읍,오산리
폐광,금속,오산,전북,무주군,무주읍,읍내리
폐광,비금속,장백,전북,무주군,무주읍,장백리
폐광,비금속,상록,전북,무주군,무풍면,금평리
폐광,금속,덕일,전북,무주군,무풍면,덕지리
폐광,금속,삼봉,전북,무주군,무풍면,삼거리
폐광,비금속,설천,전북,무주군,무풍면,삼거리
폐광,비금속,대송,전북,무주군,무풍면,철목리
폐광,비금속,우전,전북,무주군,무풍면,현내리
폐광,금속,동왕,전북,무주군,부남면,장안리
폐광,비금속,무주,전북,무주군,부남면,장안리
폐광,금속,남광,전북,무주군,설천면,기곡리
폐광,금속,고길,전북,무주군,설천면,길산리
폐광,금속,길산,전북,무주군,설천면,길산리
폐광,금속,무림,전북,무주군,설천면,대불리
폐광,비금속,인월,전북,무주군,설천면,삼공리
폐광,금속,나림광산,전북,무주군,설천면,소천리
폐광,금속,영성,전북,무주군,설천면,소천리
폐광,금속,월성,전북,무주군,설천면,소천리
폐광,금속,풍덕,전북,무주군,설천면,소천리
폐광,금속,금령2,전북,무주군,설천면,심곡리
폐광,금속,복원,전북,무주군,설천면,청량리
폐광,금속,태성,전북,무주군,설천면,청량리
폐광,비금속,덕산,전북,무주군,안성면,금평리
폐광,비금속,무주장석,전북,무주군,안성면,금평리
폐광,금속,오동,전북,무주군,안성면,진도리
폐광,비금속,남일,전북,무주군,적상면,괴목리
폐광,비금속,동방대리석,전북,무주군,적상면,괴목리
폐광,비금속,무주활석,전북,무주군,적상면,괴목리
폐광,비금속,설한송,전북,무주군,적상면,괴목리
폐광,금속,승륭,전북,무주군,적상면,북창리
폐광,금속,태원,전북,무주군,적상면,북창리
폐광,비금속,귀촌석회석,전북,무주군,적상면,사산리
폐광,금속,적성,전북,무주군,적상면,사산리
폐광,금속,덕암,전북,무주군,적상면,사천리
폐광,금속,세창,전북,무주군,적상면,사천리
폐광,비금속,세한,전북,무주군,적상면,사천리
폐광,금속,우진광산,전북,무주군,적상면,사천리
폐광,비금속,남성,전북,무주군,적상면,삼가리
폐광,비금속,대영,전북,무주군,적상면,삼가리
폐광,비금속,명진,전북,무주군,적상면,삼가리
폐광,금속,삼가,전북,무주군,적상면,삼가리
폐광,비금속,영립,전북,무주군,적상면,삼가리
폐광,비금속,영우,전북,무주군,적상면,삼가리
폐광,비금속,장기,전북,무주군,적상면,삼가리
폐광,비금속,무주도석,전북,무주군,적상면,삼유리
폐광,금속,금평광산,전북,무주군,적상면,포내리
폐광,금속,두금,전북,부안군,변산면,대항리
폐광,금속,갑남산,전북,부안군,변산면,도청리
폐광,비금속,변산고령토,전북,부안군,변산면,운산리
폐광,금속,청운,전북,부안군,진서면,운호리
폐광,금속,등룡,전북,부안군,하서면,장신리
폐광,금속,황해,전북,순창군,동계면,관전리
폐광,비금속,동계석회석,전북,순창군,동계면,수정리
폐광,비금속,풍악,전북,순창군,동계면,수정리
폐광,금속,태선,전북,순창군,순창읍,신남리
폐광,비금속,삼영-적성,전북,순창군,적성면,괴정리
폐광,금속,차계,전북,순창군,적성면,괴정리
폐광,금속,덕원,전북,순창군,팔덕면,덕천리
폐광,비금속,제2순흥,전북,순창군,팔덕면,덕천리
폐광,금속,순창,전북,순창군,팔덕면,장안리
폐광,금속,인덕,전북,순창군,풍산면,용내리
폐광,금속,구재,전북,완주군,경천면,가천리
폐광,금속,삼원,전북,완주군,경천면,가천리
폐광,비금속,보고,전북,완주군,고산면,소향리
폐광,비금속,성지,전북,완주군,구이면,계곡리
폐광,비금속,전주도석,전북,완주군,구이면,계곡리
폐광,비금속,백산봉동,전북,완주군,봉동읍,구미리
폐광,비금속,영산-봉동고령토,전북,완주군,봉동읍,구암리
폐광,비금속,정광,전북,완주군,비봉면,백도리
폐광,석탄,대덕,전북,완주군,비봉면,봉산리
폐광,비금속,보성-수암,전북,완주군,비봉면,봉산리
폐광,비금속,원진,전북,완주군,비봉면,이전리
폐광,비금속,영산-봉동고령토,전북,완주군,삼례읍,수계리
폐광,금속,고덕,전북,완주군,상관면,신리
폐광,금속,완주,전북,완주군,상관면,신리
폐광,비금속,대령,전북,완주군,상관면,용암리
폐광,비금속,마자,전북,완주군,상관면,용암리
폐광,비금속,죽림,전북,완주군,상관면,죽림리
폐광,금속,송광,전북,완주군,소양면,대흥리
폐광,금속,덕양,전북,완주군,소양면,신원리
폐광,금속,부광,전북,완주군,소양면,신원리
폐광,비금속,소양,전북,완주군,소양면,신촌리
폐광,비금속,신보1,전북,완주군,소양면,신촌리
폐광,비금속,신원,전북,완주군,소양면,신촌리
폐광,비금속,동양,전북,완주군,소양면,죽절리
폐광,비금속,매월,전북,완주군,소양면,죽절리
폐광,금속,해월,전북,완주군,소양면,해월리
폐광,비금속,용진,전북,완주군,용진읍,구억리
폐광,비금속,운주대리석,전북,완주군,운주면,금당리
폐광,금속,금성,전북,완주군,운주면,산북리
폐광,비금속,동산,전북,완주군,운주면,산북리
폐광,금속,(가)완창리,전북,완주군,운주면,완창리
폐광,금속,(가)전주,전북,완주군,운주면,완창리
폐광,금속,삼주,전북,완주군,운주면,장선리
폐광,금속,장재,전북,완주군,운주면,장선리
폐광,금속,전주일,전북,완주군,운주면,장선리
폐광,금속,천등,전북,완주군,운주면,장선리
폐광,금속,상개,전북,완주군,이서면,상개리
폐광,금속,옥창,전북,완주군,이서면,용서리
폐광,금속,은교,전북,완주군,이서면,은교리
폐광,비금속,삼산석회석,전북,완주군,화산면,운산리
폐광,비금속,대경,전북,완주군,화산면,운제리
폐광,비금속,제2삼영,전북,익산시,금마면,신용리
폐광,비금속,남산,전북,익산시,낭산면,구평리
폐광,비금속,대인,전북,익산시,석왕동,
폐광,비금속,고부광업,전북,익산시,신흥동,
폐광,비금속,신진,전북,익산시,여산면,두여리
폐광,비금속,신영,전북,익산시,여산면,여산리
폐광,비금속,익산,전북,익산시,여산면,호산리
폐광,금속,동룡,전북,익산시,왕궁면,동용리
폐광,비금속,왕궁고령토,전북,익산시,왕궁면,쌍제리
폐광,비금속,마한,전북,익산시,왕궁면,용화리
폐광,비금속,삼광,전북,익산시,웅포면,송천리
폐광,비금속,춘포,전북,익산시,춘포면,천서리
폐광,비금속,삼영,전북,익산시,팔봉동,
폐광,금속,함열,전북,익산시,함라면,금성리
폐광,비금속,한국지하자원,전북,익산시,함라면,신목리
폐광,석탄,함라,전북,익산시,함라면,함열리
폐광,비금속,익산고령토,전북,익산시,황등면,죽촌리
폐광,금속,부흥,전북,임실군,강진면,백련리
폐광,비금속,임실,전북,임실군,관촌면,방수리
폐광,비금속,삼웅,전북,임실군,관촌면,복흥리
폐광,비금속,(가)현대광업,전북,임실군,관촌면,운수리
폐광,비금속,대부,전북,임실군,삼계면,뇌천리
폐광,금속,(가)삼성,충남,천안시 동남구,북면,납안리
폐광,비금속,오수,전북,임실군,삼계면,어은리
폐광,금속,성수,전북,임실군,성수면,도인리
폐광,금속,오유,전북,임실군,성수면,봉강리
폐광,금속,한용,전북,임실군,성수면,성수리
폐광,비금속,고려세라믹소재,전북,임실군,신덕면,금정리
폐광,금속,덕온,전북,임실군,신덕면,삼길리
폐광,금속,삼길,전북,임실군,신덕면,삼길리
폐광,비금속,백산,전북,임실군,신덕면,수천리
폐광,비금속,석산,전북,임실군,신덕면,지장리
폐광,금속,남원,전북,임실군,오수면,둔덕리
폐광,금속,용흥광산,전북,임실군,운암면,학암리
폐광,비금속,임실석회석,전북,임실군,임실읍,두만리
폐광,비금속,진남임실광업소,전북,임실군,임실읍,정월리
폐광,금속,소명,전북,임실군,임실읍,현곡리
폐광,금속,석두,전북,임실군,청웅면,석두리
폐광,비금속,보성,전북,임실군,청웅면,옥석리
폐광,금속,흥일금광,전북,임실군,청웅면,남산리
폐광,금속,장안동,전북,장수군,계남면,장안리
폐광,금속,양화,전북,장수군,계북면,양악리
폐광,비금속,계북,전북,장수군,계북면,월현리
폐광,비금속,대원,전북,장수군,계북면,월현리
폐광,비금속,대하,전북,장수군,계북면,월현리
폐광,비금속,대유1,전북,장수군,계북면,임평리
폐광,비금속,대유2,전북,장수군,계북면,임평리
폐광,비금속,장수,전북,장수군,계북면,임평리
폐광,비금속,대륙광업,전북,장수군,번암면,교동리
폐광,금속,번암,전북,장수군,번암면,노단리
폐광,금속,국풍,전북,장수군,번암면,사암리
폐광,금속,장흥,전북,장수군,번암면,사암리
폐광,금속,반양,전북,장수군,번암면,죽림리
폐광,금속,죽림1,전북,장수군,번암면,죽림리
폐광,비금속,죽림2,전북,장수군,번암면,죽림리
폐광,금속,운대,전북,장수군,산서면,동화리
폐광,금속,산서,전북,장수군,산서면,백운리
폐광,금속,영대,전북,장수군,산서면,오산리
폐광,비금속,동진규석,전북,장수군,장계면,금곡리
폐광,금속,금곡,경북,문경시,동로면,적성리
폐광,비금속,(가)명덕리,전북,장수군,장계면,명덕리
폐광,금속,장수,전북,장수군,장계면,명덕리
폐광,비금속,덕성,전북,장수군,장계면,삼봉리
폐광,비금속,성하,전북,장수군,장수읍,대성리
폐광,금속,팔공,전북,장수군,장수읍,대성리
폐광,비금속,함양,전북,장수군,장수읍,덕산리
폐광,비금속,송천,전북,장수군,장수읍,송천리
폐광,비금속,삼성,충북,괴산군,문광면,대명리
폐광,비금속,삼한강선,전북,장수군,천천면,삼고리
폐광,비금속,신대,전북,장수군,천천면,오봉리
폐광,비금속,옥반석광업,전북,장수군,천천면,오봉리
폐광,비금속,학산,전북,장수군,천천면,월곡리
폐광,비금속,용광,전북,장수군,천천면,장판리
폐광,비금속,호남,전북,전주시 덕진구,금상동,
폐광,비금속,관암,전북,전주시 덕진구,우아동1가,
폐광,금속,완금장,전북,전주시 덕진구,우아동1가,
폐광,비금속,서학석회석,전북,전주시 완산구,동서학동,
폐광,비금속,운암,전북,전주시 완산구,석구동,
폐광,금속,용복,전북,전주시 완산구,용복동,
폐광,금속,광양(점동),전남,광양시,광양읍,사곡리
폐광,금속,대진,전북,전주시 완산구,원당동,
폐광,금속,황우,전북,전주시 완산구,중인동,
폐광,금속,천하광산,전북,정읍시,감곡면,통석리
폐광,비금속,통석,전북,정읍시,감곡면,통석리
폐광,금속,입석,전북,정읍시,고부면,입석리
폐광,금속,천태,전북,정읍시,고부면,장문리
폐광,금속,두승,전북,정읍시,덕천면,상학리
폐광,금속,대두,전북,정읍시,덕천면,하학리
폐광,비금속,미륭광산,전북,정읍시,산외면,동곡리
폐광,금속,상산,전북,정읍시,산외면,상두리
폐광,비금속,정읍,전북,정읍시,산외면,화죽리
폐광,금속,영원,전북,정읍시,영원면,은선리
폐광,금속,정읍,전북,정읍시,영원면,풍월리
폐광,금속,팔봉,전북,정읍시,영원면,후지리
폐광,비금속,한국운모광업소,전북,정읍시,옹동면,상산리
폐광,비금속,초강,전북,정읍시,정우면,초강리
폐광,석탄,광진-동복,전남,화순군,동복면,가수리
폐광,비금속,칠보,전북,정읍시,칠보면,시산리
폐광,금속,동향,전북,진안군,동향면,대량리
폐광,비금속,계북규석,전북,진안군,동향면,신송리
폐광,비금속,백암,전북,진안군,동향면,신송리
폐광,금속,석봉,전북,진안군,동향면,신송리
폐광,비금속,우전,전북,진안군,동향면,신송리
폐광,금속,만덕,전북,진안군,마령면,강정리
폐광,금속,월운,전북,진안군,마령면,강정리
폐광,금속,연창,전북,진안군,마령면,계서리
폐광,비금속,비사장석,전북,진안군,백운면,노촌리
폐광,비금속,신광,전북,진안군,백운면,노촌리
폐광,금속,백운,전북,진안군,백운면,신암리
폐광,비금속,운천,전북,진안군,백운면,신암리
폐광,비금속,장금,전북,진안군,부귀면,황금리
폐광,금속,"동진,인대",전북,진안군,성수면,구신리
폐광,금속,영광,전북,진안군,성수면,도통리
폐광,금속,인대,전북,진안군,성수면,도통리
폐광,금속,반룡,전북,진안군,성수면,용포리
폐광,비금속,진명산업,전북,진안군,성수면,좌산리
폐광,비금속,진안,전북,진안군,성수면,중길리
폐광,금속,대일,전북,진안군,안천면,노성리
폐광,금속,봉소,전북,진안군,주천면,신양리
폐광,비금속,동민,전북,진안군,진안읍,가림리
폐광,비금속,반월,전북,진안군,진안읍,구룡리
폐광,금속,신덕,전북,진안군,진안읍,연장리
폐광,금속,부귀,전북,진안군,진안읍,정곡리
폐광,석탄,금곡,경북,상주시,모서면,화현리
폐광,금속,금과,전북,순창군,금과면,
폐광,금속,금성,전북,김제시,대산면,금성리
폐광,금속,금천,전북,김제시,금구면,대화리
폐광,금속,대해제,전남,무안군,해제면,유월리
폐광,석탄,동양점토광산,전남,화순군,동복면,칠정리
폐광,비금속,동진,전남,영암군,학산면,상월리
폐광,금속,문덕,전남,보성군,문덕면,
폐광,금속,보덕,전남,보성군,문덕면,운곡리
폐광,금속,봉황,전남,여수시,돌산읍,율림리
폐광,금속,삼호,전남,보성군,복내면,
폐광,비금속,영산-봉동고령토,전북,완주군,삼례읍,수계리
폐광,비금속,옥봉,전북,군산시,옥서면,선연리
폐광,금속,용암,전북,김제시,용지면,용암리
폐광,비금속,용학,전남,무안군,해제면,용학리
폐광,금속,"일진(순천, 승주)",전남,순천시,서면,
폐광,비금속,자동,전남,신안군,지도읍,자동리
폐광,금속,장수,전북,장수군,산서면,
폐광,석탄,장흥,전남,강진군,장평면,청용리
폐광,금속,창진(금출),전북,완주군,구이,
폐광,금속,"풍월(대두,두승,덕천)",전북,정읍시,덕천면,
폐광,금속,금정,전북,순창군,쌍치면,도고리
폐광,금속,나포금은,전북,군산시,나포면,옥곤리
폐광,금속,삼보,전남,무안군,해제면,석룡리
폐광,비금속,영동,전남,곡성군,옥과면,합강리
폐광,비금속,영암,전남,영암군,삼호읍,망산리
폐광,비금속,옹동 영삼 도석광산,전북,정읍시,옹동면,상산리
폐광,비금속,우미,전북,남원시,수지면,남창리
폐광,금속,월성사금,전북,김제시,월성동,
폐광,비금속,한국운모광업소,전북,남원시,금지면,
폐광,비금속,대덕-명화,전북,장수군,장계면,금곡리
폐광,금속,세봉,전남,광양시,,
폐광,비금속,금강규사,인천,강화군,강화읍,갑곳리
폐광,비금속,서해,인천,강화군,교동면,상용리
폐광,금속,강화,인천,강화군,불은면,삼동암리
폐광,비금속,대명,인천,강화군,불은면,
폐광,비금속,길상고령토,인천,강화군,길상면,장흥리
폐광,비금속,강화,인천,강화군,길상면,길직리
폐광,비금속,학곡,인천,강화군,불은면,삼성리
폐광,금속,서도중석,인천,강화군,서도면,볼음도리
폐광,금속,창금,인천,강화군,서도면,볼음도리
폐광,금속,불은,인천,강화군,선원면,냉정리
폐광,비금속,삼포고령토,인천,강화군,송해면,하도리
폐광,금속,인곡,인천,강화군,양사면,덕하리
폐광,금속,풍보,인천,강화군,양사면,덕하리
폐광,비금속,명신,인천,강화군,화도면,내리
폐광,비금속,부평,인천,서구,가정동,
폐광,비금속,박촌,인천,계양구,방축동,
폐광,금속,효성,인천,계양구,효성동,
폐광,비금속,인천,인천,남동구,간석동,
폐광,비금속,화성,인천,남동구,간석동,
폐광,비금속,부영,인천,남동구,고잔동,
폐광,비금속,오봉,인천,남동구,논현동,
폐광,비금속,경양,인천,남동구,도림동,
폐광,금속,부평,인천,계양구,동양동,
폐광,금속,천보,인천,부평구,부평동,
폐광,비금속,흥진,인천,부평구,십정동,
폐광,비금속,(가)십정동,인천,부평구,십정동,
폐광,비금속,우석,인천,강화군,길상면,선두리
폐광,금속,부평,인천,남동구,만수동,
폐광,비금속,국성,인천,서구,마전동,
폐광,비금속,덕일,인천,서구,백석동,
폐광,금속,인부,인천,서구,석남동,
폐광,비금속,부일,인천,서구,시천동,
폐광,비금속,호도,인천,서구,원창동,
폐광,비금속,동양대리석,인천,옹진군,대청면,소청리
폐광,비금속,소청대리석,인천,옹진군,대청면,소청리
폐광,비금속,대청,인천,옹진군,대청면,
폐광,비금속,고려,인천,옹진군,덕적면,서포리
폐광,비금속,영진9호,인천,옹진군,덕적면,서포리
폐광,비금속,중앙1호,인천,옹진군,덕적면,
폐광,비금속,백령도,인천,옹진군,백령면,진촌리
폐광,비금속,서해-백령,인천,옹진군,백령면,진촌리
폐광,금속,신도,인천,옹진군,북도면,신도리
폐광,비금속,동산,인천,옹진군,북도면,장봉리
폐광,금속,옹진창봉,인천,옹진군,북도면,장봉리
폐광,비금속,장봉,인천,옹진군,북도면,장봉리
폐광,금속,희성자원개발,인천,옹진군,북도면,장봉리
폐광,금속,옹진동광산,인천,옹진군,북도면,장봉리
폐광,금속,정족,인천,옹진군,북도면,장봉리
폐광,금속,연평,인천,옹진군,연평면,연평리
폐광,금속,옹진영흥,인천,옹진군,영흥면,외리
폐광,비금속,지월광업소,인천,옹진군,영흥면,외리
폐광,비금속,근기,인천,옹진군,자월면,승봉리
폐광,비금속,금단,인천,옹진군,자월면,승봉리
폐광,비금속,단암,인천,옹진군,자월면,승봉리
폐광,비금속,대광,인천,옹진군,자월면,승봉리
폐광,비금속,대우,인천,옹진군,자월면,승봉리
폐광,금속,부덕,인천,옹진군,자월면,승봉리
폐광,비금속,삼한강,인천,옹진군,자월면,승봉리
폐광,비금속,선갑규사,인천,옹진군,자월면,승봉리
폐광,비금속,(주)금단광업,인천,옹진군,자월면,승봉리
폐광,비금속,중앙3호,인천,옹진군,자월면,승봉리
폐광,비금속,창원,인천,옹진군,자월면,승봉리
폐광,비금속,한동규사,인천,옹진군,자월면,승봉리
폐광,비금속,한일,인천,옹진군,자월면,승봉리
폐광,비금속,선광,인천,옹진군,자월면,
폐광,비금속,신우제,인천,옹진군,자월면,
폐광,비금속,영창규사,인천,옹진군,자월면,
폐광,비금속,자월규사,인천,옹진군,자월면,
폐광,비금속,장경패화석,인천,옹진군,자월면,
폐광,비금속,진흥규사,인천,옹진군,자월면,
폐광,비금속,광신,인천,중구,덕교동,
폐광,금속,대지,인천,중구,운북동,
폐광,비금속,영종,인천,중구,운북동,
폐광,비금속,영종백운석,인천,중구,운북동,
폐광,금속,영중,인천,중구,운북동,
폐광,비금속,부영,인천,중구,운서동,
폐광,금속,부영사금,인천,중구,운서동,
폐광,금속,북진,인천,중구,운서동,
폐광,금속,영종,인천,중구,운서동,
폐광,금속,제2부영,인천,중구,운서동,
폐광,비금속,해성-용유동,인천,중구,운서동,
폐광,금속,강화,인천,강화군,불은면,삼동암리
폐광,금속,장봉,인천,옹진군,북도면,장봉4리
폐광,금속,희성,인천,강화군,화도면,여차리
폐광,금속,광장,서울,강동구,암사동,
폐광,비금속,관악,서울,관악구,남현동,
폐광,비금속,남태령,서울,관악구,남현동,
폐광,비금속,반도,서울,관악구,봉천동,
폐광,비금속,천양,서울,관악구,봉천동,
폐광,비금속,과천,서울,서초구,방배동,
폐광,금속,광주백년,서울,송파구,방이동,
폐광,금속,천가,부산,강서구,천성동,
폐광,비금속,가덕납석,부산,강서구,지사동,
폐광,비금속,녹산제1,부산,강서구,생곡동,
폐광,비금속,반송납석,부산,금정구,회동동,
폐광,금속,기장,부산,기장군,기장읍,서부리
폐광,금속,철마,부산,기장군,철마면,와여리
폐광,금속,철마(일광기장)(일광),부산,기장군,일광면,원리
폐광,비금속,(가)임기,부산,기장군,철마면,임기리
폐광,비금속,구칠,부산,기장군,철마면,구칠리
폐광,비금속,동래,부산,기장군,정관읍,임곡리
폐광,비금속,동래납석정관,부산,기장군,정관읍,두명리
폐광,금속,용호,부산,남구,용호동,
폐광,비금속,동보,부산,북구,구포동,
폐광,금속,동보(경창),부산,사상구,모라동,
폐광,금속,구덕,부산,사상구,학장동,
폐광,금속,다대,부산,사하구,다대동,
폐광,금속,부산,부산,사하구,괴정동,
폐광,비금속,반송,부산,해운대구,반송동,
폐광,금속,(가)우록리,대구,달성군,가창면,우록리
폐광,금속,고령제1,대구,달성군,유가읍,용리
폐광,금속,남일,대구,달성군,현풍읍,오산리
폐광,금속,달성,대구,달성군,가창면,상원리
폐광,금속,대진동,대구,동구,진인동,
폐광,금속,풍전,대구,달성군,가창면,우록리
폐광,비금속,삼성,충북,단양군,대강면,두음리
폐광,비금속,신성,대구,달성군,현풍읍,상리
폐광,비금속,옥포두정,대구,달성군,옥포읍,교항리
폐광,비금속,유가,대구,달성군,유가읍,용리
폐광,금속,삼정,대구,달성군,가창면,상원리
폐광,금속,팔공,대구,동구,덕곡동,
폐광,비금속,대진,울산,동구,미포동,
폐광,비금속,동양광업,울산,동구,전하동,
폐광,비금속,미포,울산,동구,동부동,
폐광,비금속,울산방어진,울산,동구,방어동,
폐광,비금속,대안,울산,북구,대안동,
폐광,비금속,동양,울산,북구,신명동,
폐광,비금속,무룡산,울산,북구,정자동,
폐광,비금속,사문석,울산,북구,달천동,
폐광,금속,금곡,경북,성주군,수륜면,보월리
폐광,비금속,삼원,울산,북구,산하동,
폐광,비금속,호계,울산,북구,매곡동,
폐광,비금속,호계석회석,울산,북구,달천동,
폐광,금속,언양,울산,울주군,상북면,등억알프스리
폐광,금속,(가)궁근정,울산,울주군,상북면,궁근정리
폐광,금속,(가)두세아연,울산,울주군,두서면,복안리
폐광,금속,(가)은골,울산,울주군,두서면,내와리
폐광,금속,대일,울산,울주군,범서읍,척과리
폐광,금속,두서철,울산,울주군,두서면,내와리
폐광,금속,울산,울산,울주군,삼동면,금곡리
폐광,금속,울주,울산,울주군,두서면,복안리
폐광,비금속,88,울산,울주군,두서면,구량리
폐광,비금속,고산,울산,울주군,상북면,지내리
폐광,비금속,남광,울산,울주군,온양읍,운화리
폐광,비금속,동골,울산,울주군,상북면,소호리
폐광,비금속,구성규석,경북,김천시,구성면,마산리
폐광,비금속,사촌,울산,울주군,삼동면,하잠리
폐광,비금속,세원,울산,울주군,두서면,복안리
폐광,비금속,연방,울산,울주군,상북면,덕현리
폐광,비금속,울주도석,울산,울주군,상북면,소호리
폐광,비금속,웅촌,울산,울주군,웅촌면,통천리
폐광,비금속,제일,울산,울주군,상북면,등억알프스리
폐광,비금속,한국자수정,울산,울주군,상북면,향산리
폐광,금속,내와,울산,울주군,두서면,내와리
폐광,금속,(가)다공리,경남,거제시,연초면,다공리
폐광,금속,강숙,경남,거제시,하청면,연구리
폐광,금속,거제,경남,거제시,하청면,석포리
폐광,금속,거제동아,경남,거제시,삼거동,
폐광,금속,덕곡,경남,거제시,하청면,덕곡리
폐광,금속,칠천동,경남,거제시,하청면,어온리
폐광,비금속,성경,경남,거제시,양정동,
폐광,금속,거창,경남,거창군,마리면,월계리
폐광,금속,남명,경남,거창군,고제면,봉산리
폐광,금속,대곡,경남,거창군,남하면,양항리
폐광,금속,동진,경남,거창군,남하면,무릉리
폐광,금속,매학,경남,거창군,고제면,궁항리
폐광,금속,아주,경남,거창군,남하면,양항리
폐광,금속,안흥,경남,거창군,남하면,둔마리
폐광,금속,용암,경남,거창군,가북면,용암리
폐광,금속,일산,경남,거창군,남하면,지산리
폐광,금속,풍원,경남,거창군,남하면,대야리
폐광,비금속,결성,경남,거창군,남하면,무릉리
폐광,비금속,세한상사,경남,거창군,가북면,우혜리
폐광,비금속,염동광업사,경남,거창군,남상면,전척리
폐광,비금속,영동월성,경남,거창군,북상면,월성리
폐광,비금속,주상,경남,거창군,주상면,내오리
폐광,비금속,고성광업,경남,고성군,고성읍,죽계리
폐광,비금속,충무,경남,통영시,용남면,장평리
폐광,금속,(가)금산리,경남,고성군,대가면,금산리
폐광,금속,(가)동산리,경남,고성군,삼산면,장치리
폐광,금속,(가)부영/장치리,경남,고성군,삼산면,장치리
폐광,금속,고성(2),경남,고성군,상리면,부포리
폐광,금속,금봉,경남,고성군,회화면,삼덕리
폐광,금속,금영,경남,고성군,영오면,양산리
폐광,금속,대덕,경남,고성군,삼산면,두포리
폐광,금속,대성2,경남,고성군,개천면,북평리
폐광,금속,동해,경남,고성군,동해면,장좌리
폐광,금속,봉발,경남,고성군,영현면,추계리
폐광,금속,삼봉,경남,고성군,삼산면,병산리
폐광,금속,삼산제일2,경남,고성군,삼산면,병산리
폐광,금속,"삼전,광성",경남,고성군,삼산면,미룡리
폐광,금속,성지삼아,경남,고성군,삼산면,미룡리
폐광,금속,우전,경남,고성군,마암면,도전리
폐광,금속,장백,경남,고성군,삼산면,장치리
폐광,금속,진흥,경남,고성군,삼산면,병산리
폐광,금속,진흥두포,경남,고성군,삼산면,두포리
폐광,금속,(가)달봉,경남,고성군,개천면,예성리
폐광,비금속,고성(3),경남,고성군,거류면,용산리
폐광,비금속,고성(4),경남,고성군,고성읍,신월리
폐광,비금속,구만,경남,고성군,구만면,화림리
폐광,비금속,동보광업백로광업,경남,고성군,구만면,화림리
폐광,금속,현동(1),경북,봉화군,소천면,고선리
폐광,비금속,하동,경남,하동군,옥종면,병천리
폐광,비금속,덕봉,경남,김해시,한림면,안하리
폐광,금속,(가)금림,경남,김해시,한림면,금곡리
폐광,금속,(가)김해52호(제일),경남,김해시,상동면,우계리
폐광,금속,(가)김해삼덕,경남,김해시,대동면,주동리
폐광,금속,(가)생철리,경남,김해시,생림면,생철리
폐광,금속,금성,경남,김해시,삼계동,
폐광,금속,물금,경남,김해시,상동면,대감리
폐광,금속,삼덕,경남,김해시,삼계동,
폐광,금속,상동,경남,김해시,상동면,여차리
폐광,비금속,김해,경남,김해시,한림면,안곡리
폐광,비금속,김해고령토,경남,김해시,한림면,장방리
폐광,비금속,명동,경남,김해시,한림면,장방리
폐광,비금속,생림,경남,김해시,생림면,생철리
폐광,비금속,장방,경남,김해시,한림면,장방리
폐광,금속,(가)상주리,경남,남해군,상주면,상주리
폐광,금속,(가)창선,경남,남해군,창선면,지족리
폐광,금속,남해,경남,남해군,고현면,차면리
폐광,금속,남해철,경남,남해군,남해읍,평리
폐광,금속,노구,경남,남해군,서면,정포리
폐광,금속,삼동,경남,남해군,삼동면,봉화리
폐광,금속,창덕,경남,남해군,남면,평산리
폐광,비금속,남해용화,경남,남해군,남면,평산리
폐광,비금속,덕산남해,경남,남해군,창선면,진동리
폐광,금속,(가)진동,경남,창원시마산합포구,진동면,다구리
폐광,금속,감천,경남,창원시마산회원구,내서읍,감천리
폐광,금속,구산,경남,창원시마산합포구,구산면,마전리
폐광,금속,동성,경남,창원시마산합포구,구산면,심리
폐광,금속,명주,경남,창원시마산합포구,구산면,석곡리
폐광,금속,보월광,경남,창원시마산합포구,진전면,창포리
폐광,금속,봉용,경남,창원시마산회원구,봉암동,
폐광,금속,제일,경남,창원시마산합포구,진전면,시락리
폐광,금속,제일마산,경남,창원시마산합포구,예곡동,
폐광,금속,진북,경남,창원시마산합포구,진북면,인곡리
폐광,금속,필봉,경남,창원시마산합포구,진전면,여양리
폐광,금속,함안,경남,창원시마산합포구,진전면,여양리
폐광,비금속,남창,경남,창원시마산합포구,진북면,영학리
폐광,비금속,마산납석,경남,창원시마산합포구,예곡동,
폐광,비금속,세정,경남,창원시마산회원구,봉암동,
폐광,비금속,동광고령토,경남,양산시,상북면,소석리
폐광,금속,구마2,경북,봉화군,소천면,고선리
폐광,비금속,형제,경남,밀양시,부북면,감천리
폐광,금속,(가)대구령,경남,밀양시,초동면,성만리
폐광,금속,(가)대금,경남,밀양시,상동면,옥산리
폐광,금속,(가)덕산리,경남,밀양시,초동면,덕산리
폐광,금속,(가)삼남,경남,밀양시,상남면,남산리
폐광,금속,(가)인산리,경남,밀양시,청도면,인산리
폐광,금속,(가)정각,경남,밀양시,단장면,구천리
폐광,금속,(가)청도동,경남,밀양시,청도면,소태리
폐광,금속,(가)표충,경남,밀양시,단장면,구천리
폐광,금속,가체,경남,밀양시,무안면,마흘리
폐광,금속,국전,경남,밀양시,단장면,국전리
폐광,금속,귀명,경남,밀양시,하남읍,귀명리
폐광,금속,금산철산,경남,밀양시,상동면,금산리
폐광,금속,단장1,경남,밀양시,단장면,고례리
폐광,금속,밀양,경남,밀양시,삼랑진읍,용성리
폐광,금속,산내,경남,밀양시,산내면,삼양리
폐광,금속,양구동,경남,밀양시,무안면,마흘리
폐광,금속,양효리,경남,밀양시,무안면,양효리
폐광,금속,태룡,경남,밀양시,단장면,사연리
폐광,금속,태봉,경남,밀양시,청도면,소태리
폐광,비금속,단장2,경남,밀양시,단장면,고례리
폐광,비금속,단장3,경남,밀양시,단장면,무릉리
폐광,비금속,단장납석1,경남,밀양시,단장면,태룡리
폐광,비금속,단장납석2,경남,밀양시,단장면,사연리
폐광,비금속,대영밀양,경남,밀양시,부북면,춘화리
폐광,비금속,무연,경남,밀양시,부북면,위양리
폐광,비금속,밀양고령토,경남,밀양시,초동면,검암리
폐광,비금속,밀양납석,경남,밀양시,내일동,
폐광,비금속,밀양수진납석,경남,밀양시,삼랑진읍,숭진리
폐광,비금속,산내,경남,밀양시,산내면,봉의리
폐광,비금속,산내광업,경남,밀양시,산내면,임고리
폐광,비금속,삼랑진,경남,밀양시,삼랑진읍,미전리
폐광,비금속,상남,경남,밀양시,상남면,동산리
폐광,비금속,상합납석,경남,밀양시,상동면,안인리
폐광,비금속,세정,경남,밀양시,부북면,위양리
폐광,비금속,시전납석,경남,밀양시,단장면,구천리
폐광,비금속,신명,경남,밀양시,부북면,위양리
폐광,비금속,원당,경남,밀양시,산내면,원서리
폐광,비금속,춘화,경남,밀양시,부북면,춘화리
폐광,비금속,태룡납석,경남,밀양시,단장면,태룡리
폐광,비금속,화성광업상남,경남,밀양시,상남면,예림리
폐광,비금속,진주점토,경남,사천시,곤명면,봉계리
폐광,금속,(가)보성,경남,사천시,정동면,소곡리
폐광,금속,대일,경남,사천시,곤명면,마곡리
폐광,금속,성보,경남,사천시,사남면,가천리
폐광,비금속,와룡,경남,사천시,와룡동,
폐광,비금속,대성,경남,사천시,백천동,
폐광,비금속,덕원,경남,사천시,곤명면,작팔리
폐광,비금속,사천,경남,사천시,정동면,예수리
폐광,비금속,삼정,경남,사천시,곤명면,삼정리
폐광,비금속,단성,경남,산청군,단성면,길리
폐광,비금속,대신,경남,산청군,단성면,창촌리
폐광,비금속,범우산청,경남,산청군,금서면,매촌리
폐광,비금속,생초2,경남,산청군,산청읍,차탄리
폐광,비금속,송강광업,경남,산청군,단성면,방목리
폐광,금속,만정,경남,산청군,단성면,관정리
폐광,금속,물산,경남,산청군,신등면,평지리
폐광,비금속,금곡백운석,경북,예천군,용문면,능천리
폐광,금속,상보,경남,산청군,신등면,양전리
폐광,금속,송경,경남,산청군,산청읍,모고리
폐광,비금속,(주)유림백운,경남,산청군,단성면,백운리
폐광,비금속,가회,경남,산청군,단성면,성내리
폐광,비금속,계림광업소,경남,산청군,생초면,하촌리
폐광,비금속,곡림규석,경남,산청군,단성면,성내리
폐광,비금속,금호,경남,산청군,단성면,자양리
폐광,비금속,대덕,경남,산청군,산청읍,내리
폐광,비금속,대명,경남,산청군,금서면,신아리
폐광,비금속,대원청계,경남,산청군,단성면,청계리
폐광,비금속,대한,경남,산청군,금서면,매촌리
폐광,비금속,덕산광업청계,경남,산청군,단성면,청계리
폐광,비금속,덕영,경남,산청군,금서면,매촌리
폐광,비금속,동지,경남,산청군,삼장면,석남리
폐광,비금속,문해,경남,산청군,신안면,문대리
폐광,비금속,방목,경남,산청군,단성면,방목리
폐광,비금속,사월,경남,산청군,단성면,사월리
폐광,비금속,산청광업오부,경남,산청군,금서면,자혜리
폐광,비금속,산청흑연,경남,산청군,금서면,지막리
폐광,비금속,승일고령토,경남,산청군,단성면,입석리
폐광,비금속,신동도석,경남,산청군,신등면,간공리
폐광,비금속,신안,경남,산청군,신안면,외고리
폐광,비금속,양덕,경남,산청군,단성면,자양리
폐광,비금속,영남광업,경남,산청군,단성면,방목리
폐광,비금속,원전고령토,경남,산청군,산청읍,내리
폐광,비금속,점촌,경남,산청군,단성면,백운리
폐광,비금속,정수,경남,산청군,생비량면,가계리
폐광,비금속,진주점토,경남,산청군,단성면,자양리
폐광,비금속,한일,경남,함안군,군북면,장지리
폐광,비금속,협진단성,경남,산청군,단성면,남사리
폐광,석탄,(가)중촌리,경남,산청군,신안면,중촌리
폐광,금속,(가)영포리,경남,양산시,원동면,영포리
폐광,금속,(가)은곡,경남,양산시,원동면,화제리
폐광,금속,물금,경남,양산시,원동면,화제리
폐광,금속,상북,경남,양산시,상북면,대석리
폐광,금속,양성,경남,양산시,물금읍,물금리
폐광,비금속,동래납석정관,경남,양산시,매곡동,
폐광,비금속,물금납석,경남,양산시,원동면,화제리
폐광,비금속,삼창납석,경남,양산시,원동면,용당리
폐광,비금속,양산,경남,양산시,교동,
폐광,비금속,양주,경남,양산시,상북면,소석리
폐광,비금속,유광,경남,양산시,명동,
폐광,비금속,유정,경남,양산시,원동면,용당리
폐광,비금속,천불산,경남,양산시,삼호동,
폐광,비금속,태성제1,경남,양산시,동면,여락리
폐광,금속,가례,경남,의령군,가례면,양성리
폐광,금속,개성대성,경남,의령군,궁류면,벽계리
폐광,금속,금수찰비,경남,의령군,궁류면,운계리
폐광,금속,부림남지,경남,의령군,부림면,권혜리
폐광,금속,소영,경남,의령군,가례면,개승리
폐광,비금속,대산도석,경남,의령군,가례면,개승리
폐광,비금속,청송부남,경남,의령군,용덕면,교암리
폐광,금속,대곡,경남,진주시,대곡면,와룡리
폐광,금속,대장,경남,진주시,지수면,청담리
폐광,비금속,대림요재,경남,진주시,대곡면,덕곡리
폐광,비금속,덕신광업,경남,진주시,수곡면,자매리
폐광,비금속,사석규석,경남,진주시,수곡면,원계리
폐광,비금속,수곡,경남,진주시,수곡면,원계리
폐광,비금속,원지고령토,경남,진주시,수곡면,대천리
폐광,비금속,자매,경남,진주시,수곡면,자매리
폐광,비금속,점수,경남,진주시,수곡면,대천리
폐광,금속,경진,경남,창원시진해구,태백동,
폐광,비금속,부라본,경남,창원시진해구,북부동,
폐광,금속,계성,경남,창녕군,계성면,사리
폐광,비금속,삼성자원,충북,단양군,적성면,기동리
폐광,금속,덕곡,경남,창녕군,도천면,덕곡리
폐광,금속,동점,경남,창녕군,길곡면,길곡리
폐광,금속,연창,경남,창녕군,성산면,가복리
폐광,금속,용관,경남,창녕군,고암면,감리
폐광,금속,청암,경남,창녕군,부곡면,청암리
폐광,금속,태호광업사,경남,창녕군,고암면,감리
폐광,비금속,덕산,경남,창원시 의창구,동읍,월잠리
폐광,비금속,덕산제1,경남,창원시 의창구,동읍,죽동리
폐광,금속,(가)무곡리,경남,창원시의창구,북면,무곡리
폐광,금속,(가)창진,경남,창원시의창구,북면,월계리
폐광,금속,구룡,경남,창원시의창구,북면,고암리
폐광,금속,금산,경남,창원시 의창구,동읍,석산리
폐광,금속,대원,경남,창원시의창구,북면,무동리
폐광,금속,마산,경남,창원시성산구,귀현동,
폐광,금속,백월(1),경남,창원시의창구,북면,월계리
폐광,금속,백월(2),경남,창원시의창구,북면,월계리
폐광,금속,신촌,경남,창원시의창구,북면,하천리
폐광,금속,응남2,경남,창원시성산구,양곡동,
폐광,금속,천지목광,경남,창원시의창구,북면,월백리
폐광,비금속,금석,경남,창원시 의창구,동읍,금산리
폐광,비금속,남성,경남,창원시의창구,북면,내곡리
폐광,비금속,남흥개발,경남,창원시의창구,북면,외산리
폐광,비금속,덕산고령토1,경남,창원시 의창구,동읍,석산리
폐광,비금속,덕산고령토2,경남,창원시 의창구,동읍,월잠리
폐광,비금속,덕산봉곡,경남,창원시의창구,북면,월백리
폐광,비금속,봉산동명,경남,창원시 의창구,동읍,봉강리
폐광,비금속,북면,경남,창원시의창구,북면,화천리
폐광,비금속,영산,경남,창원시 의창구,동읍,봉강리
폐광,비금속,월계광,경남,창원시의창구,북면,월계리
폐광,비금속,의창점토,경남,창원시 의창구,동읍,봉강리
폐광,비금속,창원납석,경남,창원시의창구,북면,화천리
폐광,비금속,창원북면,경남,창원시의창구,북면,대산리
폐광,비금속,해산,경남,창원시 의창구,동읍,다호리
폐광,금속,(가)원산리,경남,통영시,도산면,원산리
폐광,금속,(가)저산리,경남,통영시,도산면,오륜리
폐광,금속,(가)좌진포,경남,통영시,광도면,용호리
폐광,금속,범녕,경남,통영시,욕지면,동항리
폐광,금속,통영,경남,통영시,동호동,
폐광,비금속,(가)덕포리해양조선,경남,통영시,광도면,덕포리
폐광,금속,경남1,경남,통영시,도산면,도선리
폐광,비금속,경남2,경남,통영시,도산면,도선리
폐광,비금속,광도,경남,통영시,광도면,죽림리
폐광,비금속,두봉,경남,통영시,욕지면,동항리
폐광,비금속,미륵도,경남,통영시,도남동,
폐광,비금속,팔경,경남,통영시,한산면,매죽리
폐광,비금속,(주)금호개발,경남,하동군,옥종면,두양리
폐광,비금속,태성광업,경남,하동군,옥종면,대곡리
폐광,비금속,섬진광업,경남,하동군,북천면,화정리
폐광,비금속,신성,경남,하동군,북천면,서황리
폐광,비금속,신성광업,경남,하동군,북천면,서황리
폐광,금속,하동티타늄,경남,하동군,옥종면,월횡리
폐광,비금속,한흥고령토,경남,하동군,북천면,사평리
폐광,비금속,화백,경남,하동군,북천면,화정리
폐광,금속,금남,경남,하동군,금남면,대치리
폐광,금속,산출금,경남,하동군,북천면,화정리
폐광,비금속,금오,경남,하동군,청암면,상이리
폐광,비금속,나리,경남,하동군,횡천면,전대리
폐광,비금속,남해광업소,경남,하동군,양보면,지례리
폐광,비금속,대경,경남,하동군,북천면,화정리
폐광,금속,만대산,경남,합천군,율곡면,노양리
폐광,비금속,대야,경남,하동군,북천면,화정리
폐광,비금속,대왕,경남,하동군,청암면,묵계리
폐광,비금속,대원,경남,하동군,옥종면,정수리
폐광,비금속,대원,경남,하동군,옥종면,종화리
폐광,비금속,덕산고령토,경남,하동군,옥종면,안계리
폐광,비금속,덕일,경남,하동군,북천면,화정리
폐광,비금속,동원광업--횡천광업소,경남,하동군,횡천면,남산리
폐광,비금속,두산,경남,하동군,옥종면,월횡리
폐광,비금속,방화,경남,하동군,북천면,사평리
폐광,비금속,북천고령토,경남,하동군,북천면,방화리
폐광,비금속,성흥,경남,하동군,옥종면,월횡리
폐광,비금속,세양,경남,하동군,옥종면,두양리
폐광,비금속,신아고령토,경남,하동군,진교면,월운리
폐광,비금속,신진,경남,하동군,북천면,서황리
폐광,비금속,악양규석,경남,하동군,악양면,등촌리
폐광,비금속,안계,경남,하동군,옥종면,월횡리
폐광,비금속,제동고령토,경남,하동군,옥종면,두양리
폐광,비금속,진교,경남,하동군,고전면,범아리
폐광,비금속,청송,경남,하동군,북천면,직전리
폐광,비금속,청암,경남,하동군,청암면,묵계리
폐광,비금속,태창,경남,하동군,옥종면,두양리
폐광,비금속,풍산하동,경남,하동군,북천면,화정리
폐광,비금속,하동,경남,고성군,구만면,화림리
폐광,비금속,하동안계,경남,하동군,옥종면,월횡리
폐광,비금속,하동카오링,경남,하동군,북천면,서황리
폐광,비금속,회신,경남,하동군,옥종면,청룡리
폐광,금속,(가)남성,경남,함안군,함안면,강명리
폐광,금속,군북1,경남,함안군,군북면,오곡리
폐광,금속,군북2(절골),경남,함안군,군북면,사촌리
폐광,금속,대촌,경남,함안군,칠북면,봉촌리
폐광,금속,마산,경남,함안군,여항면,주서리
폐광,금속,삼정,경남,함안군,칠원읍,장암리
폐광,금속,여항,경남,함안군,여항면,내곡리
폐광,금속,오봉,경남,함안군,군북면,사촌리
폐광,금속,주동,경남,함안군,여항면,주동리
폐광,금속,하림,경남,함안군,군북면,하림리
폐광,비금속,군북고령토,경남,함안군,군북면,덕대리
폐광,비금속,사도,경남,함안군,군북면,사도리
폐광,비금속,원복,경남,함안군,군북면,원북리
폐광,비금속,한일,경남,산청군,단성면,강누리
폐광,비금속,구지,경북,포항시 북구,기계면,구지리
폐광,비금속,일진,경남,함양군,유림면,국계리
폐광,금속,삼붕,경남,함양군,함양읍,구룡리
폐광,금속,함양,경남,함양군,병곡면,도천리
폐광,금속,함흥,경남,함양군,안의면,상원리
폐광,비금속,(가)경일/창원리,경남,함양군,마천면,창원리
폐광,비금속,동강,경남,함양군,휴천면,동강리
폐광,비금속,삼봉,경남,함양군,휴천면,월평리
폐광,비금속,신흥,경남,함양군,유림면,대궁리
폐광,비금속,신흥장석,경남,함양군,서상면,금당리
폐광,비금속,이화,경남,함양군,서상면,중남리
폐광,비금속,중남장석,경남,함양군,서상면,중남리
폐광,비금속,태창,경남,함양군,유림면,유평리
폐광,금속,(가)배연,경남,합천군,용주면,우곡리
폐광,금속,(가)법정,경남,합천군,합천읍,내곡리
폐광,석탄,삼성,충북,보은군,회남면,광포리
폐광,금속,(가)용봉,경남,합천군,용주면,월평리
폐광,금속,가회,경남,합천군,가회면,월계리
폐광,금속,강덕,경남,합천군,봉산면,송림리
폐광,금속,계림,경남,합천군,합천읍,서산리
폐광,금속,대화,경남,합천군,가회면,도탄리
폐광,금속,대화1,경남,합천군,가회면,도탄리
폐광,금속,덕촌,경남,합천군,가회면,덕촌리
폐광,금속,봉민,경남,합천군,봉산면,고삼리
폐광,금속,봉산,경남,합천군,봉산면,술곡리
폐광,금속,삼왕,경남,합천군,봉산면,술곡리
폐광,금속,삼호,경남,합천군,봉산면,고삼리
폐광,금속,술곡1,경남,합천군,봉산면,술곡리
폐광,금속,술곡2,경남,합천군,봉산면,술곡리
폐광,금속,신덕은광,경남,합천군,봉산면,계산리
폐광,금속,야로,경남,합천군,야로면,청계리
폐광,금속,여봉,경남,합천군,봉산면,고삼리
폐광,금속,용주,경남,합천군,용주면,가호리
폐광,금속,장방,경남,합천군,야로면,하림리
폐광,금속,적중,경남,합천군,적중면,누하리
폐광,금속,태양,경남,합천군,대병면,회양리
폐광,비금속,가야1,경남,합천군,가야면,야천리
폐광,비금속,가야4,경남,합천군,야로면,하림리
폐광,비금속,가회,경남,합천군,가회면,오도리
폐광,비금속,방곡,경남,합천군,용주면,방곡리
폐광,비금속,삼가,경남,합천군,삼가면,외토리
폐광,비금속,성기,경남,합천군,가야면,대전리
폐광,비금속,세창가야,경남,합천군,가야면,매안리
폐광,비금속,오곡,경남,합천군,야로면,하림리
폐광,비금속,오양하동,경남,합천군,가야면,황산리
폐광,비금속,용덕,경남,합천군,가야면,매안리
폐광,비금속,풍기,경남,합천군,묘산면,화양리
폐광,비금속,풍지,경남,합천군,묘산면,안성리
폐광,금속,경산,경북,경산시,남천면,송백리
폐광,금속,흥남,경북,경산시,남천면,송백리
폐광,비금속,경산,경북,경산시,용성면,송림리
폐광,비금속,경주고령토,경북,경주시,충효동,
폐광,비금속,내남,경북,경주시,내남면,덕천리
폐광,비금속,대성벤토나이트,경북,경주시,양남면,신서리
폐광,비금속,동주불석광산,경북,경주시,양북면,용동리
폐광,비금속,두영,경북,경주시,산내면,대현리
폐광,비금속,서영광산,경북,경주시,양북면,입천리
폐광,비금속,옥산벤토나이트,경북,경주시,양북면,죽전리
폐광,비금속,화명,경북,경주시,양남면,신대리
폐광,비금속,흰돌,경북,경주시,양남면,상라리
폐광,금속,(가)권이리,경북,경주시,양북면,권이리
폐광,금속,감포,경북,경주시,감포읍,오류리
폐광,금속,경주,경북,경주시,현곡면,래태리
폐광,금속,구국,경북,경주시,내남면,비지리
폐광,금속,금령,경북,경주시,양남면,기구리
폐광,금속,금성,경북,고령군,대가야읍,저전리
폐광,금속,기구,경북,경주시,양남면,기구리
폐광,금속,내대광업소,경북,경주시,현곡면,래태리
폐광,금속,대중,경북,경주시,내남면,상신리
폐광,금속,덕동,경북,경주시,황용동,
폐광,금속,모량(2),경북,경주시,산내면,우라리
폐광,금속,배봉,경북,경주시,양북면,권이리
폐광,금속,안강,경북,경주시,안강읍,검단리
폐광,금속,월성,경북,경주시,양남면,나산리
폐광,비금속,감포,경북,경주시,감포읍,감포리
폐광,비금속,경북,경북,포항시북구,청하면,신흥리
폐광,비금속,관성,경북,경주시,양남면,하서리
폐광,비금속,나리,경북,경주시,천북면,화산리
폐광,비금속,대덕,경북,경주시,안강읍,갑산리
폐광,비금속,대한,경북,경주시,양남면,서동리
폐광,비금속,도덕,경북,경주시,안강읍,옥산리
폐광,비금속,도량,경북,경주시,내남면,박달리
폐광,비금속,동골,경북,경주시,산내면,대현리
폐광,비금속,동보,경북,경주시,천북면,성지리
폐광,비금속,동산,경북,경주시,천북면,동산리
폐광,비금속,동양송전,경북,경주시,양북면,죽전리
폐광,비금속,동화,경북,경주시,감포읍,팔조리
폐광,비금속,명진,경북,경주시,양남면,신서리
폐광,비금속,백련,경북,경주시,천북면,신당리
폐광,비금속,불국사납석,경북,경주시,내남면,박달리
폐광,비금속,산성백토광산,경북,경주시,양북면,용동리
폐광,비금속,삼우,경북,경주시,양남면,수렴리
폐광,비금속,삼해,경북,경주시,감포읍,오류리
폐광,비금속,송정,경북,경주시,양남면,하서리
폐광,비금속,신라,경북,경주시,석장동,
폐광,비금속,양북규조토,경북,경주시,감포읍,노동리
폐광,비금속,연계,경북,경주시,안강읍,노당리
폐광,비금속,외동,경북,경주시,외동읍,문산리
폐광,비금속,월성,경북,경주시,천북면,동산리
폐광,비금속,월성,경북,경주시,양남면,신대리
폐광,비금속,월성광업소,경북,경주시,감포읍,노동리
폐광,비금속,일왕,경북,경주시,양남면,석촌리
폐광,비금속,자부,경북,경주시,양남면,상라리
폐광,비금속,정수,경북,경주시,양북면,용동리
폐광,비금속,제일벤토나이트1,경북,경주시,양남면,효동리
폐광,비금속,제일벤토나이트2,경북,경주시,양남면,효동리
폐광,비금속,천일고령토,경북,경주시,강동면,국당리
폐광,비금속,태웅,경북,경주시,산내면,의곡리
폐광,비금속,토흥,경북,경주시,안강읍,옥산리
폐광,비금속,팔조,경북,경주시,감포읍,팔조리
폐광,비금속,풍대제3광산,경북,경주시,강동면,왕신리
폐광,비금속,풍대제7,경북,경주시,강동면,안계리
폐광,비금속,한독,경북,경주시,산내면,외칠리
폐광,비금속,한루제1,경북,경주시,양남면,효동리
폐광,비금속,활성,경북,경주시,외동읍,활성리
폐광,비금속,흥아제1,경북,경주시,양남면,신서리
폐광,비금속,세창,경북,고령군,개진면,양전리
폐광,금속,(가)가륜리,경북,고령군,덕곡면,가륜리
폐광,금속,(가)반성1,경북,고령군,덕곡면,반성리
폐광,금속,(가)반성리3,경북,고령군,덕곡면,반성리
폐광,금속,(가)본리1,경북,고령군,덕곡면,본리리
폐광,금속,(가)삼경탄광신한광업소,경북,고령군,덕곡면,용흥리
폐광,금속,(가)삼덕,경북,고령군,덕곡면,백리
폐광,금속,(가)여시뱅골금,경북,고령군,덕곡면,용흥리
폐광,금속,"고령,현풍3",경북,고령군,운수면,화암리
폐광,금속,광양,경북,고령군,대가야읍,저전리
폐광,금속,구정,경북,고령군,덕곡면,반성리
폐광,금속,금성,경북,경주시,내남면,안심리
폐광,금속,상곡,경북,고령군,다산면,상곡리
폐광,금속,운수인창,경북,고령군,운수면,대평리
폐광,금속,행성,경북,고령군,덕곡면,옥계리
폐광,금속,현대,경북,고령군,쌍림면,용리
폐광,비금속,대명-고령,경북,고령군,덕곡면,노리
폐광,석탄,(가)저전탄광,경북,고령군,덕곡면,반성리
폐광,금속,무을,경북,구미시,무을면,상송리
폐광,금속,삼정,경북,구미시,옥성면,옥관리
폐광,금속,선산옥산,경북,구미시,옥성면,태봉리
폐광,금속,옥봉,경북,구미시,옥성면,옥관리
폐광,금속,청화,경북,구미시,도개면,다곡리
폐광,비금속,대성평화,경남,사천시,와룡동,
폐광,비금속,대선,경북,구미시,무을면,안곡리
폐광,비금속,동성장석,경북,구미시,선산읍,생곡리
폐광,비금속,선산,경북,구미시,도개면,동산리
폐광,금속,군위(고로),경북,군위군,고로면,석산리
폐광,금속,"군위,수철",경북,군위군,소보면,달산리
폐광,금속,삼소,경북,군위군,소보면,달산리
폐광,비금속,남면,경북,김천시,남면,부상리
폐광,비금속,대덕,경북,김천시,대덕면,중산리
폐광,비금속,도암광산,경북,김천시,어모면,도암리
폐광,금속,(가)금능,경북,김천시,농소면,연명리
폐광,금속,(가)금성,경북,김천시,남면,초곡리
폐광,금속,구수,경북,김천시,지례면,관덕리
폐광,금속,대량,경북,김천시,부항면,대야리
폐광,금속,대야,경북,김천시,부항면,파천리
폐광,금속,독립,경북,김천시,대덕면,관기리
폐광,금속,보국,경북,김천시,봉산면,인의리
폐광,금속,삼광,경북,김천시,교동,
폐광,금속,삼방,경북,김천시,지례면,여배리
폐광,금속,어전,경북,김천시,부항면,어전리
폐광,금속,여배광업소,경북,김천시,지례면,여배리
폐광,금속,창덕,경북,김천시,대덕면,덕산리
폐광,금속,천일조,경북,김천시,구성면,마산리
폐광,금속,풍부1,경북,김천시,부항면,하대리
폐광,금속,해인,경북,김천시,부항면,해인리
폐광,금속,황증,경북,김천시,증산면,황정리
폐광,비금속,가래장석,경북,김천시,대덕면,가례리
폐광,비금속,감문,경북,김천시,감문면,삼성리
폐광,비금속,곡창,경북,김천시,구성면,용호리
폐광,비금속,구마고령토,경북,김천시,구성면,상거리
폐광,비금속,구룡,경북,김천시,구성면,마산리
폐광,비금속,금화,경북,김천시,봉산면,상금리
폐광,비금속,김천규석,경북,김천시,어모면,남산리
폐광,비금속,김천장석,경북,김천시,조마면,신곡리
폐광,비금속,대원고령토,경북,김천시,증산면,황점리
폐광,비금속,백봉,경북,김천시,부항면,해인리
폐광,비금속,백옥,경북,김천시,구성면,양각리
폐광,비금속,봉산규석,경북,김천시,봉산면,인의리
폐광,비금속,서전,경북,김천시,대덕면,추량리
폐광,비금속,신왕,경북,김천시,조마면,신왕리
폐광,비금속,옥산규석,경북,김천시,어모면,은기리
폐광,비금속,임천장석,경북,김천시,구성면,월계리
폐광,비금속,지대,경북,김천시,구성면,상거리
폐광,비금속,문경백강운모,경북,문경시,호계면,구산리
폐광,금속,궁곡,경북,문경시,가은읍,하괴리
폐광,금속,마성,경북,문경시,마성면,하내리
폐광,금속,문경,경북,문경시,문경읍,관음리
폐광,금속,석봉,경북,문경시,산북면,석봉리
폐광,금속,유성광업회사,경북,문경시,가은읍,하괴리
폐광,금속,화곡,경북,문경시,동로면,수평리
폐광,금속,황계,경북,문경시,문경읍,마원리
폐광,비금속,강남석회석,경북,문경시,문경읍,마원리
폐광,비금속,경운,경북,문경시,가은읍,작천리
폐광,비금속,고모치,경북,문경시,농암면,궁기리
폐광,비금속,금강고령토,경북,문경시,농암면,지동리
폐광,비금속,기성,경북,문경시,가은읍,성저리
폐광,비금속,남원,경북,문경시,산북면,소야리
폐광,비금속,대은중정석,경북,문경시,농암면,연천리
폐광,비금속,대진,경북,문경시,산북면,대상리
폐광,비금속,문경석회석,경북,문경시,가은읍,왕능리
폐광,비금속,문경장석,경북,문경시,가은읍,하괴리
폐광,비금속,봉암,경북,문경시,가은읍,완장리
폐광,비금속,산북,경북,문경시,산북면,전두리
폐광,비금속,산북흑연,경북,문경시,산북면,가곡리
폐광,비금속,계림,경북,문경시,동로면,생달리
폐광,비금속,삼영,경북,문경시,마성면,외어리
폐광,비금속,삼창탄광 단산광업소,경북,문경시,마성면,외어리
폐광,비금속,세진,경북,문경시,동로면,노은리
폐광,비금속,쌍용양회문경,경북,문경시,호계면,우로리
폐광,비금속,삼신광업소,경북,문경시,동로면,생달리
폐광,비금속,우암,경북,문경시,농암면,내서리
폐광,비금속,욱일,경북,문경시,농암면,종곡리
폐광,비금속,장자규회석,경북,문경시,동로면,명전리
폐광,비금속,종곡,경북,문경시,산북면,종곡리
폐광,비금속,호계,경북,문경시,호계면,구산리
폐광,비금속,호계석회석,경북,문경시,호계면,선암리
폐광,비금속,삼성,충북,영동군,양강면,남전리
폐광,석탄,갑정,경북,문경시,문경읍,고요리
폐광,석탄,근혜자-평성,경북,문경시,마성면,하내리
폐광,석탄,대성-동보,경북,문경시,가은읍,갈전리
폐광,석탄,대정,경북,문경시,마성면,외어리
폐광,석탄,문경,경북,문경시,마성면,신현리
폐광,석탄,문경-동성,경북,문경시,마성면,오천리
폐광,석탄,문경-동진,경북,문경시,불정동,
폐광,석탄,봉명,경북,문경시,마성면,외어리
폐광,석탄,봉명-단봉,경북,문경시,문경읍,고요리
폐광,석탄,봉명-삼영,경북,문경시,마성면,외어리
폐광,석탄,봉명-신한,경북,문경시,호계면,호계리
폐광,석탄,상무,경북,문경시,마성면,외어리
폐광,석탄,석공-은성,경북,문경시,가은읍,왕능리
폐광,석탄,석봉,경북,문경시,산북면,석봉리
폐광,석탄,석봉-성봉,경북,문경시,문경읍,고요리
폐광,석탄,오정,경북,문경시,호계면,견탄리
폐광,석탄,장봉,경북,문경시,마성면,하내리
폐광,석탄,장자,경북,문경시,불정동,
폐광,석탄,장자-삼계,경북,문경시,호계면,견탄리
폐광,석탄,장자-정산,경북,문경시,마성면,오천리
폐광,석탄,창성,경북,문경시,가은읍,갈전리
폐광,석탄,태성,경북,문경시,마성면,하내리
폐광,석탄,태원,경북,문경시,마성면,오천리
폐광,석탄,태화,경북,문경시,농암면,율수리
폐광,석탄,평성,경북,문경시,마성면,하내리
폐광,비금속,대한생명공학에너지,경북,봉화군,소천면,서천리
폐광,비금속,석포대현,경북,봉화군,석포면,대현리
폐광,비금속,우진질석,경북,봉화군,석포면,석포리
폐광,금속,(가)고선리,경북,봉화군,소천면,고선리
폐광,금속,(가)눌산리,경북,봉화군,법전면,눌산리
폐광,금속,(가)붓든,경북,봉화군,법전면,법전리
폐광,금속,(가)진곡,경북,봉화군,봉성면,우곡리
폐광,금속,각희(금정과 동일광산),경북,봉화군,춘양면,우구치리
폐광,금속,경동,경북,봉화군,소천면,분천리
폐광,금속,고려,경북,봉화군,명호면,삼동리
폐광,금속,구마1,경북,봉화군,법전면,눌산리
폐광,금속,구마2,경북,봉화군,소천면,고선리
폐광,금속,금교,경북,봉화군,명호면,삼동리
폐광,금속,금당연,경북,봉화군,춘양면,서벽리
폐광,금속,금륜,경북,봉화군,봉성면,창평리
폐광,금속,금봉,경북,봉화군,봉성면,우곡리
폐광,금속,금정,경북,봉화군,춘양면,우구치리
폐광,금속,금주,경북,봉화군,석포면,석포리
폐광,금속,다덕,경북,봉화군,봉성면,우곡리
폐광,금속,대기,경북,봉화군,물야면,오전리
폐광,금속,대린(연호),경북,봉화군,법전면,척곡리
폐광,금속,대원(1),경북,봉화군,춘양면,석현리
폐광,금속,대장,경북,봉화군,소천면,서천리
폐광,금속,덕성,경북,봉화군,법전면,척곡리
폐광,금속,덕일,경북,봉화군,소천면,분천리
폐광,금속,법전,경북,봉화군,법전면,척곡리
폐광,금속,보라,경북,봉화군,명호면,도천리
폐광,금속,보라(삼용),경북,봉화군,명호면,삼동리
폐광,금속,분천(1),경북,봉화군,소천면,분천리
폐광,금속,분천(2),경북,봉화군,소천면,분천리
폐광,금속,산막,경북,봉화군,재산면,갈산리
폐광,금속,삼가,경북,봉화군,법전면,척곡리
폐광,금속,삼동,경북,봉화군,명호면,삼동리
폐광,금속,삼룡,경북,봉화군,법전면,소천리
폐광,금속,삼신,경북,봉화군,법전면,눌산리
폐광,금속,삼용,경북,봉화군,명호면,삼동리
폐광,금속,삼풍,경북,봉화군,법전면,눌산리
폐광,금속,세목,경북,봉화군,춘양면,학산리
폐광,금속,양곡,경북,봉화군,명호면,양곡리
폐광,금속,어은,경북,봉화군,법전면,소천리
폐광,금속,연화,경북,봉화군,석포면,대현리
폐광,금속,옥석,경북,봉화군,춘양면,서벽리
폐광,금속,원곡,경북,봉화군,소천면,분천리
폐광,금속,은점,경북,봉화군,재산면,동면리
폐광,금속,임기,경북,봉화군,소천면,임기리
폐광,금속,장군,경북,봉화군,소천면,서천리
폐광,금속,주영,경북,봉화군,소천면,분천리
폐광,금속,진화,경북,봉화군,춘양면,서벽리
폐광,금속,풍정,경북,봉화군,법전면,풍정리
폐광,석탄,(가)신당리,경북,구미시,산동면,신당리
폐광,금속,해운,경북,봉화군,춘양면,서벽리
폐광,금속,현동(1),경북,봉화군,소천면,고선리
폐광,금속,황우,경북,봉화군,명호면,도천리
폐광,비금속,회룡(1),경북,봉화군,소천면,남회룡리
폐광,비금속,(가)두음,경북,봉화군,소천면,두음리
폐광,비금속,(가)삼화운모,경북,봉화군,소천면,고선리
폐광,비금속,대규,경북,봉화군,소천면,임기리
폐광,비금속,대륭,경북,봉화군,법전면,눌산리
폐광,비금속,대림요업봉화,경북,봉화군,석포면,석포리
폐광,비금속,대영,경북,봉화군,재산면,갈산리
폐광,비금속,대원(2),경북,봉화군,석포면,석포리
폐광,비금속,덕일만강,경북,봉화군,소천면,분천리
폐광,비금속,동광흑연,경북,봉화군,명호면,고감리
폐광,비금속,동명,경북,봉화군,재산면,동면리
폐광,비금속,명동,경북,봉화군,재산면,동면리
폐광,비금속,봉명,경북,봉화군,명호면,고감리
폐광,비금속,봉화도장석,경북,봉화군,봉화읍,해저리
폐광,비금속,봉화석회석,경북,봉화군,재산면,갈산리
폐광,비금속,봉화장성,경북,봉화군,물야면,북지리
폐광,비금속,부곡,경북,봉화군,재산면,갈산리
폐광,비금속,분천(3),경북,봉화군,소천면,분천리
폐광,비금속,산내,경북,봉화군,소천면,임기리
폐광,비금속,삼보,경북,봉화군,명호면,도천리
폐광,금속,삼호,경북,봉화군,소천면,고선리
폐광,비금속,소천납석,경북,봉화군,소천면,고선리
폐광,비금속,소천석회석,경북,봉화군,석포면,대현리
폐광,비금속,수식,경북,봉화군,물야면,수식리
폐광,비금속,신풍,경북,봉화군,소천면,남회룡리
폐광,비금속,어의리,경북,봉화군,물야면,오전리
폐광,비금속,오전,경북,봉화군,석포면,석포리
폐광,비금속,옥성,경북,봉화군,소천면,분천리
폐광,비금속,와룡,경북,봉화군,재산면,갈산리
폐광,비금속,장성,경북,봉화군,석포면,대현리
폐광,비금속,재산,경북,봉화군,재산면,갈산리
폐광,비금속,춘양도석,경북,봉화군,석포면,석포리
폐광,비금속,춘양연마,경북,봉화군,춘양면,애당리
폐광,금속,회룡(2),경북,봉화군,소천면,남회룡리
폐광,석탄,(가)갈산리,경북,봉화군,재산면,갈산리
폐광,석탄,대곡,경북,봉화군,재산면,갈산리
폐광,석탄,대형,경북,봉화군,재산면,갈산리
폐광,석탄,서림-성진,경북,봉화군,재산면,갈산리
폐광,석탄,일월,경북,봉화군,재산면,갈산리
폐광,석탄,일월-세방,경북,봉화군,재산면,갈산리
폐광,비금속,낙동고령토,경북,상주시,낙동면,낙동리
폐광,비금속,백학운모,경북,상주시,모서면,득수리
폐광,비금속,중덕,경북,상주시,중덕동,
폐광,금속,(가)남곡,경북,상주시,은척면,남곡리
폐광,금속,(가)반포,경북,상주시,낙동면,용포리
폐광,금속,(가)삼풍,경북,상주시,모동면,반계리
폐광,금속,(가)상주(대유),경북,상주시,인평동,
폐광,금속,(가)신촌(2),경북,상주시,내서면,신촌리
폐광,금속,(가)청상,경북,상주시,청리면,청상리
폐광,금속,공성1,경북,상주시,공성면,효곡리
폐광,금속,공성2,경북,상주시,모동면,덕곡리
폐광,금속,낙동,경북,상주시,낙동면,상촌리
폐광,금속,대성,경북,상주시,낙동면,승곡리
폐광,금속,상영,경북,상주시,연원동,
폐광,금속,"상주,대능,대유",경북,상주시,낙동면,운평리
폐광,금속,상주1,경북,상주시,낙동면,수정리
폐광,금속,상주2,경북,상주시,병성동,
폐광,금속,상주3,경북,상주시,낙동면,화산리
폐광,금속,상주금산(2),경북,상주시,낙동면,성동리
폐광,금속,신오,경북,상주시,낙동면,신오리
폐광,금속,양영,경북,상주시,모동면,상판리
폐광,금속,정명,경북,상주시,낙동면,운평리
폐광,금속,천택,경북,상주시,화남면,중눌리
폐광,비금속,(가)지천,경북,상주시,지천동,
폐광,비금속,(주)흥진,경북,상주시,은척면,하흘리
폐광,비금속,가곡,경북,상주시,외서면,가곡리
폐광,비금속,구미,경북,상주시,이안면,구미리
폐광,비금속,금성,경북,성주군,수륜면,수륜리
폐광,비금속,대가,경북,상주시,이안면,양범리
폐광,비금속,대동,경북,상주시,화동면,판곡리
폐광,비금속,대룡,경북,상주시,은척면,장암리
폐광,비금속,대림,경북,성주군,초전면,월곡리
폐광,비금속,대현흑연,경북,상주시,이안면,대현리
폐광,비금속,동국,경북,상주시,화동면,반곡리
폐광,비금속,동서,경북,상주시,모동면,이동리
폐광,비금속,동양장석,경북,상주시,은척면,두곡리
폐광,비금속,득월,경북,상주시,모서면,화현리
폐광,비금속,번창,경북,상주시,화서면,상용리
폐광,비금속,벽진석회,경북,상주시,공검면,지평리
폐광,비금속,삼주,경북,상주시,화서면,봉촌리
폐광,비금속,상주4,경북,상주시,서곡동,
폐광,비금속,상주자원,경북,봉화군,소천면,서천리
폐광,비금속,신흥,경북,상주시,모동면,신흥리
폐광,비금속,원장,경북,상주시,청리면,원장리
폐광,비금속,중소,경북,상주시,공검면,중소리
폐광,비금속,창북,경북,상주시,화북면,장암리
폐광,비금속,청산규석,경북,상주시,화남면,중눌리
폐광,비금속,초산,경북,상주시,초산동,
폐광,비금속,칠봉,경북,상주시,은척면,남곡리
폐광,비금속,팔음,경북,상주시,화동면,보미리
폐광,비금속,한아,경북,상주시,사벌국면,원흥리
폐광,비금속,함창,경북,상주시,이안면,아천리
폐광,비금속,형성규석,경북,상주시,내서면,신촌리
폐광,석탄,(가)신촌(1),경북,상주시,내서면,신촌리
폐광,석탄,거성,경북,상주시,이안면,양범리
폐광,금속,산청금곡,경남,산청군,오부면,방곡리
폐광,석탄,남경,경북,상주시,이안면,안용리
폐광,석탄,대명,경북,상주시,화동면,선교리
폐광,석탄,대명-동오,경북,상주시,화동면,선교리
폐광,석탄,대명-동원,경북,상주시,화동면,선교리
폐광,석탄,대원,경북,상주시,공검면,지평리
폐광,석탄,동신,경북,상주시,화동면,이소리
폐광,석탄,동주,경북,상주시,화동면,이소리
폐광,석탄,삼창,경북,상주시,화동면,보미리
폐광,석탄,월명-무균,경북,상주시,모서면,득수리
폐광,석탄,전호,경북,상주시,화남면,임곡리
폐광,석탄,제일,경북,상주시,화동면,판곡리
폐광,석탄,태건-대덕,경북,상주시,이안면,안용리
폐광,석탄,태건-태광,경북,상주시,이안면,안용리
폐광,석탄,태영,경북,상주시,이안면,양범리
폐광,석탄,평온,경북,상주시,화남면,평온리
폐광,석탄,화석,경북,상주시,이안면,안용리
폐광,비금속,동양세라믹,경북,성주군,용암면,죽전리
폐광,석탄,성림-금곡,충남,보령시,청라면,향천리
폐광,비금속,영창고령토,경북,성주군,수륜면,작은리
폐광,비금속,옥계고령토,경북,성주군,수륜면,백운리
폐광,금속,(가)관화리,경북,성주군,선남면,관화리
폐광,금속,(가)수륜리1,경북,성주군,수륜면,수륜리
폐광,금속,(가)신계리,경북,성주군,가천면,신계리
폐광,금속,(가)영행,경북,성주군,수륜면,수륜리
폐광,금속,(가)용봉리,경북,성주군,초전면,용봉리
폐광,금속,(가)용사리,경북,성주군,가천면,용사리
폐광,금속,연수동,충북,충주시,연수동,
폐광,금속,금덕,경북,성주군,수륜면,계정리
폐광,금속,기양,경북,성주군,가천면,금봉리
폐광,금속,다락,경북,성주군,수륜면,송계리
폐광,금속,대덕,경북,성주군,금수면,영천리
폐광,금속,대성성주,경북,성주군,가천면,마수리
폐광,금속,도동,경북,성주군,선남면,문방리
폐광,금속,무학,경북,성주군,금수면,영천리
폐광,금속,봉명,경북,성주군,수륜면,신정리
폐광,금속,상보,경북,성주군,수륜면,보월리
폐광,금속,서진,경북,성주군,월항면,인촌리
폐광,금속,성원,경북,성주군,선남면,장학리
폐광,금속,성주,경북,성주군,선남면,관화리
폐광,금속,성주다봉,경북,성주군,용암면,문명리
폐광,금속,수륜(1),경북,성주군,수륜면,계정리
폐광,금속,영산,경북,성주군,수륜면,성리
폐광,금속,왜관금장,경북,성주군,선남면,장학리
폐광,금속,용신부국,경북,성주군,선남면,용신리
폐광,금속,유미-성주,경북,성주군,용암면,문명리
폐광,금속,지례,경북,성주군,가천면,동원리
폐광,금속,태봉,경북,성주군,용암면,대봉리
폐광,금속,태연,경북,성주군,수륜면,작은리
폐광,금속,현풍제1,경북,성주군,용암면,대봉리
폐광,금속,형제,경북,성주군,가천면,금봉리
폐광,비금속,(가)봉두리,경북,성주군,금수면,봉두리
폐광,비금속,가락,경북,성주군,수륜면,수륜리
폐광,비금속,가야규석,경북,성주군,가천면,신계리
폐광,비금속,고령,경북,성주군,수륜면,수륜리
폐광,비금속,금릉,경북,성주군,가천면,신계리
폐광,비금속,금성,경북,상주시,이안면,소암리
폐광,비금속,대가규석,경북,성주군,대가면,옥성리
폐광,비금속,대림,경북,상주시,화남면,평온리
폐광,비금속,대양고령토,경북,성주군,수륜면,작은리
폐광,비금속,대흥광업소,경북,성주군,용암면,죽전리
폐광,비금속,도성-고하,경북,성주군,수륜면,수륜리
폐광,비금속,마월,경북,성주군,용암면,마월리
폐광,비금속,벽진고령토,경북,성주군,금수면,명천리
폐광,비금속,복음,경북,성주군,용암면,중거리
폐광,비금속,삼화고령토,경북,성주군,수륜면,백운리
폐광,비금속,선남고령토,경북,성주군,선남면,명포리
폐광,비금속,성산고령토,경북,성주군,성주읍,대황리
폐광,비금속,성옥,경북,성주군,성주읍,성산리
폐광,비금속,성주고령토,경북,성주군,수륜면,수륜리
폐광,비금속,신삼화고령토,경북,성주군,수륜면,백운리
폐광,비금속,용봉,경북,성주군,초전면,용봉리
폐광,비금속,용암,경북,성주군,수륜면,작은리
폐광,비금속,용암고령토,경북,성주군,수륜면,송계리
폐광,비금속,월암,경북,성주군,월항면,유월리
폐광,비금속,칠성고령토,경북,성주군,수륜면,작은리
폐광,비금속,효광,경북,성주군,성주읍,성산리
폐광,석탄,(가)명포리1,경북,성주군,선남면,명포리
폐광,석탄,(가)명포리2,경북,성주군,선남면,명포리
폐광,비금속,도성고하,경북,안동시,남후면,고하리
폐광,비금속,태봉,경북,안동시,녹전면,사신리
폐광,비금속,풍천사문석광업소,경북,안동시,풍천면,기산리
폐광,금속,(가)고천리,경북,안동시,임동면,고천리
폐광,금속,(가)연점,경북,안동시,길안면,대사리
폐광,금속,금송,경북,안동시,길안면,송사리
폐광,금속,동원,경북,안동시,와룡면,산야리
폐광,금속,송사,경북,안동시,길안면,송사리
폐광,금속,안동사금,경북,안동시,도산면,원천리
폐광,금속,창풍(안동선댁),경북,안동시,길안면,만음리
폐광,비금속,경안석회석,경북,안동시,임하면,오대리
폐광,비금속,대건,경북,안동시,서후면,재품리
폐광,비금속,대풍,경북,울진군,북면,두천리
폐광,비금속,덕산,경북,안동시,풍산읍,죽전리
폐광,비금속,두월,경북,안동시,북후면,두산리
폐광,비금속,안덕,경북,안동시,와룡면,주계리
폐광,비금속,안동,경북,안동시,서후면,자품리
폐광,비금속,안동일진,경북,안동시,와룡면,라소리
폐광,비금속,안동장석1,경북,안동시,와룡면,가류리
폐광,비금속,안동장석2,경북,안동시,와룡면,산야리
폐광,비금속,지원,경북,안동시,남선면,현내리
폐광,비금속,대맥,경북,영덕군,남정면,양성리
폐광,금속,연수철,충북,충주시,연수동,
폐광,금속,유금,경북,영덕군,병곡면,영리
폐광,금속,(가)금호리,경북,영덕군,강구면,금호리
폐광,금속,(가)대2리,경북,영덕군,영해면,대리
폐광,금속,(가)대진,경북,영덕군,영해면,대진리
폐광,금속,(가)도구도곡,경북,영덕군,축산면,축산리
폐광,금속,(가)동점,경북,영덕군,강구면,하저리
폐광,금속,(가)영덕,경북,영덕군,강구면,하저리
폐광,금속,(가)영동,경북,영덕군,축산면,경정리
폐광,금속,(가)영리,경북,영덕군,병곡면,영리
폐광,금속,(가)영진,경북,영덕군,영해면,사진리
폐광,금속,(가)장풍,경북,영덕군,강구면,원직리
폐광,금속,(가)주응,경북,영덕군,달산면,주응리
폐광,금속,(가)창수몰리브덴,경북,영덕군,창수면,미곡리
폐광,금속,(가)천곡,경북,영덕군,축산면,고곡리
폐광,금속,대남,경북,영덕군,병곡면,삼읍리
폐광,금속,대장,경북,영덕군,병곡면,금곡리
폐광,금속,동정,경북,영덕군,영덕읍,화수리
폐광,금속,문명,경북,영덕군,지품면,오천리
폐광,금속,부곡,경북,영덕군,축산면,부곡리
폐광,금속,삼보,경북,영덕군,지품면,신애리
폐광,금속,삼읍,경북,영덕군,병곡면,삼읍리
폐광,금속,서점,경북,영덕군,달산면,매일리
폐광,금속,영덕,경북,영덕군,지품면,오천리
폐광,금속,고령,경북,고령군,운수면,월산리
폐광,금속,창보,경북,영덕군,창수면,삼계리
폐광,금속,창수,경북,영덕군,창수면,삼계리
폐광,금속,화천,경북,영덕군,영덕읍,화천리
폐광,비금속,(가)대봉,경북,영덕군,창수면,가산리
폐광,비금속,경신,경북,영덕군,병곡면,백석리
폐광,비금속,대동,경북,영덕군,축산면,조항리
폐광,비금속,덕지,경북,영덕군,지품면,속곡리
폐광,비금속,백경도석,경북,영덕군,축산면,기암리
폐광,비금속,백암,경북,영덕군,창수면,오촌리
폐광,비금속,병곡고령토,경북,영덕군,병곡면,영리
폐광,비금속,부곡,경북,영덕군,축산면,도곡리
폐광,비금속,신영덕,경북,영덕군,축산면,경정리
폐광,비금속,영덕,경북,영덕군,영덕읍,매정리
폐광,비금속,영덕대리석,경북,영덕군,지품면,속곡리
폐광,비금속,영덕우성,경북,영덕군,창수면,창수리
폐광,비금속,영해,경북,영덕군,영해면,대진리
폐광,비금속,정선,경북,영덕군,영덕읍,남산리
폐광,비금속,정송,경북,영덕군,지품면,송천리
폐광,비금속,지품,경북,영덕군,지품면,속곡리
폐광,석탄,(가)창포리,경북,영덕군,영덕읍,창포리
폐광,금속,(가)가곡리,경북,영양군,일월면,가곡리
폐광,금속,(가)영양동광,경북,영양군,영양읍,화천리
폐광,금속,동석,경북,영양군,수비면,신암리
폐광,금속,일월,경북,영양군,일월면,용화리
폐광,금속,해동,경북,영양군,수비면,신원리
폐광,비금속,(가)산운리,경북,영양군,청기면,산운리
폐광,비금속,당동,경북,영양군,청기면,당리
폐광,비금속,천우,경북,영양군,석보면,포산리
폐광,비금속,덕천영주,경북,영주시,문수면,월호리
폐광,비금속,영주,경북,영주시,이산면,용상리
폐광,금속,기열,경북,영주시,풍기읍,성내리
폐광,금속,도솔,경북,영주시,봉현면,두산리
폐광,금속,소백산,경북,영주시,풍기읍,전구리
폐광,비금속,대지,경북,영주시,평은면,금광리
폐광,비금속,봉현,경북,영주시,봉현면,두산리
폐광,비금속,영원규석,경북,영주시,평은면,강동리
폐광,비금속,영풍장석,경북,영주시,부석면,임곡리
폐광,비금속,옥대,경북,영주시,단산면,옥대리
폐광,비금속,태영,경북,영주시,순흥면,배점리
폐광,비금속,화석,경북,영주시,단산면,좌석리
폐광,비금속,영천점토,경북,영천시,봉동,
폐광,금속,광신유봉,경북,영천시,금호읍,신월리
폐광,금속,성림,경북,영천시,고경면,오룡리
폐광,금속,영천,경북,영천시,임고면,수성리
폐광,금속,유봉,경북,영천시,금호읍,봉죽리
폐광,금속,은성,경북,영천시,신녕면,왕산리
폐광,금속,대원,경북,영천시,고경면,삼포리
폐광,비금속,영창,경북,영천시,금호읍,봉죽리
폐광,비금속,옥천,경북,영천시,고경면,오룡리
폐광,비금속,이창,경북,영천시,임고면,우항리
폐광,비금속,덕천,경북,예천군,지보면,만화리
폐광,비금속,동원용궁광업,경북,예천군,용궁면,금남리
폐광,금속,황금산,경북,예천군,풍양면,고산리
폐광,금속,수어,경북,예천군,감천면,수한리
폐광,금속,예천,경북,예천군,풍양면,고산리
폐광,금속,국도,경북,봉화군,춘양면,서벽리
폐광,금속,함종,경북,예천군,효자면,고항리
폐광,비금속,(가)동사리석면,경북,예천군,은풍면,동사리
폐광,비금속,장계-금곡,전북,장수군,장계면,금곡리
폐광,비금속,다우,경북,예천군,지보면,만화리
폐광,비금속,동원활석,경북,예천군,지보면,신풍리
폐광,비금속,매창,경북,예천군,지보면,매창리
폐광,비금속,박천,경북,예천군,용문면,대제리
폐광,비금속,보문,경북,예천군,보문면,오암리
폐광,비금속,새마음,경북,예천군,용문면,선리
폐광,비금속,예천,경북,예천군,지보면,마산리
폐광,비금속,예천장석,경북,예천군,효자면,도촌리
폐광,비금속,호명,경북,예천군,호명면,원곡리
폐광,금속,금음,경북,울진군,후포면,금음리
폐광,비금속,덕신,경북,울진군,매화면,덕신리
폐광,비금속,기성광업소,경북,울진군,기성면,사동리
폐광,비금속,천수동광산,경북,울진군,금강송면,왕피리
폐광,금속,(가)금천리,경북,울진군,온정면,금천리
폐광,금속,(가)두천리,경북,울진군,북면,두천리
폐광,금속,(가)삼근리,경북,울진군,금강송면,삼근리
폐광,금속,거항,경북,울진군,금강송면,왕피리
폐광,금속,광천광산,경북,울진군,금강송면,소광리
폐광,금속,금승우진,경북,울진군,울진읍,명도리
폐광,금속,금장,경북,울진군,온정면,선구리
폐광,금속,"동진(유창,왕피,울진)",경북,울진군,금강송면,왕피리
폐광,금속,두천,경북,울진군,북면,하당리
폐광,금속,고성,경남,고성군,삼산면,
폐광,금속,삼진,경북,울진군,금강송면,하원리
폐광,금속,상덕,경북,울진군,북면,주인리
폐광,금속,쌍전,경북,울진군,금강송면,쌍전리
폐광,금속,연상한송광업,경북,울진군,후포면,금음리
폐광,비금속,영흥,경북,울진군,금강송면,왕피리
폐광,금속,옥방,경북,울진군,금강송면,쌍전리
폐광,금속,울진,경북,울진군,북면,덕구리
폐광,금속,원남,경북,울진군,매화면,기양리
폐광,금속,유상,경북,울진군,금강송면,소광리
폐광,금속,진원(사계),경북,울진군,북면,사계리
폐광,비금속,(가)삼근활석,경북,울진군,금강송면,삼근리
폐광,비금속,갑성황보,경북,울진군,기성면,황보리
폐광,비금속,고려규사,경북,울진군,평해읍,직산리
폐광,비금속,광일,경북,울진군,금강송면,전곡리
폐광,비금속,광풍,경북,울진군,금강송면,광회리
폐광,비금속,광회,경북,울진군,금강송면,광회리
폐광,비금속,국일,경북,울진군,금강송면,쌍전리
폐광,비금속,굴정,경북,울진군,금강송면,광회리
폐광,비금속,기성활석,경북,울진군,기성면,봉산리
폐광,비금속,길천,경북,울진군,매화면,기양리
폐광,비금속,대원,경북,울진군,후포면,후포리
폐광,비금속,대종활석,경북,울진군,울진읍,신림리
폐광,비금속,대평,경북,울진군,기성면,황보리
폐광,비금속,대풍,경북,안동시,풍산읍,죽전리
폐광,비금속,대흥2,경북,울진군,울진읍,대흥리
폐광,비금속,동해규사,경북,울진군,근남면,진복리
폐광,비금속,동화,경북,울진군,기성면,삼산리
폐광,비금속,백산규사,경북,울진군,기성면,봉산리
폐광,비금속,삼아,경북,울진군,기성면,봉산리
폐광,비금속,성풍,경북,울진군,온정면,광품리
폐광,비금속,영동제일,경북,울진군,금강송면,삼근리
폐광,비금속,왕피리광업소,경북,울진군,금강송면,왕피리
폐광,비금속,우진,경북,울진군,죽변면,화성리
폐광,금속,울진,경북,울진군,북면,덕구리
폐광,비금속,울진규사,경북,울진군,북면,나곡리
폐광,비금속,장재,경북,울진군,금강송면,왕피리
폐광,비금속,전곡,경북,울진군,금강송면,쌍전리
폐광,비금속,제2장제,경북,울진군,금강송면,왕피리
폐광,비금속,제3장재,경북,울진군,금강송면,왕피리
폐광,비금속,조일광산,경북,울진군,울진읍,명도리
폐광,비금속,죽변,경북,울진군,북면,덕천리
폐광,비금속,중앙,경북,울진군,평해읍,평해리
폐광,비금속,통고산,경북,울진군,금강송면,광회리
폐광,비금속,풍일활석,경북,울진군,금강송면,하원리
폐광,비금속,현동장석,경북,울진군,금강송면,전곡리
폐광,비금속,회룡,경북,울진군,금강송면,광회리
폐광,비금속,흥부,경북,울진군,북면,부구리
폐광,비금속,창동고령토,경북,의성군,의성읍,중리리
폐광,금속,(가)춘산(금정),경북,의성군,춘산면,금천리
폐광,금속,광덕,경북,의성군,다인면,덕미리
폐광,금속,금동,경북,의성군,안평면,삼춘리
폐광,금속,금동칠보,경북,의성군,춘산면,금오리
폐광,금속,금학,경북,의성군,옥산면,전흥리
폐광,금속,동척옥산,경북,의성군,옥산면,감계리
폐광,금속,오토,경북,의성군,의성읍,오로리
폐광,비금속,옥산,경북,의성군,옥산면,입암리
폐광,금속,옥산,경북,의성군,옥산면,입암리
폐광,금속,창동,경북,의성군,의성읍,업리
폐광,금속,토현,경북,의성군,사곡면,토현리
폐광,금속,황학산,경북,의성군,옥산면,전흥리
폐광,비금속,동진,경북,포항시 북구,청하면,용두리
폐광,비금속,신안,경북,의성군,금성면,도경리
폐광,비금속,의성,경북,의성군,구천면,소호리
폐광,금속,전흥,경북,의성군,옥산면,감계리
폐광,비금속,초전,경북,의성군,금성면,초전리
폐광,비금속,칠성,경북,의성군,단북면,연제리
폐광,비금속,태광,경북,의성군,단북면,성암리
폐광,비금속,평성,경북,의성군,금성면,만천리
폐광,비금속,금천,경북,청도군,금천면,박곡리
폐광,금속,(가)양지,충북,제천시,덕산면,월악리
폐광,비금속,운문,경북,청도군,운문면,신원리
폐광,비금속,청도,경북,청도군,운문면,오진리
폐광,금속,동완청도,경북,청도군,청도읍,부야리
폐광,금속,부성,경북,청도군,매전면,동산리
폐광,비금속,금천,경북,청도군,금천면,임당리
폐광,비금속,길명,경북,청도군,매전면,장연리
폐광,비금속,동곡,경북,청도군,금천면,박곡리
폐광,비금속,서도,경북,청도군,매전면,장연리
폐광,금속,동보,경북,청송군,안덕면,성재리
폐광,금속,상의,경북,청송군,주왕산면,상의리
폐광,금속,용암,경북,청송군,안덕면,성재리
폐광,금속,장전,경북,청송군,안덕면,성재리
폐광,금속,지호,경북,청송군,안덕면,근곡리
폐광,금속,천마산,경북,청송군,안덕면,성재리
폐광,금속,청송노석,경북,청송군,부남면,하속리
폐광,비금속,(가)구천리,경북,청송군,부남면,구천리
폐광,비금속,(가)안덕형석,경북,청송군,안덕면,감은리
폐광,비금속,대성MDI(주)제천사업소,경북,청송군,안덕면,성재리
폐광,비금속,범녹고령토,경북,청송군,주왕산면,신점리
폐광,비금속,법주,경북,청송군,주왕산면,신점리
폐광,비금속,구미,경북,구미시,고아읍,송림리
폐광,비금속,부남구천,경북,청송군,부남면,구천리
폐광,비금속,삼화청송도석,경북,청송군,주왕산면,신점리
폐광,비금속,청송도석,경북,청송군,부남면,구천리
폐광,비금속,청송초천도석,경북,청송군,부남면,양숙리
폐광,비금속,청일도석,경북,청송군,주왕산면,신점리
폐광,비금속,북삼고령토,경북,칠곡군,북삼읍,어로리
폐광,금속,(가)남계리,경북,칠곡군,약목면,남계리
폐광,금속,(가)송산,경북,칠곡군,동명면,송산리
폐광,금속,가산,경북,칠곡군,가산면,가산리
폐광,금속,경원,경북,칠곡군,가산면,송학리
폐광,금속,구암,경북,칠곡군,동명면,금암리
폐광,금속,국일,경북,칠곡군,동명면,득명리
폐광,금속,금동,경북,칠곡군,가산면,금화리
폐광,금속,금반,경북,칠곡군,지천면,송정리
폐광,금속,금산,경북,칠곡군,왜관읍,삼청리
폐광,금속,금정,경북,칠곡군,가산면,천평리
폐광,금속,금팔,경북,칠곡군,동명면,기성리
폐광,금속,금화,경북,칠곡군,가산면,금화리
폐광,금속,"대득,금용",경북,칠곡군,동명면,득명리
폐광,금속,도고,경북,칠곡군,기산면,노석리
폐광,금속,도남,경북,칠곡군,동명면,기성리
폐광,금속,동명,경북,칠곡군,동명면,득명리
폐광,금속,삼성광산,충북,제천시,청풍면,용곡리
폐광,금속,영발,경북,칠곡군,동명면,송산리
폐광,금속,은성,경북,칠곡군,기산면,노석리
폐광,금속,제이구미,경북,칠곡군,약목면,무림리
폐광,금속,제일구미,경북,칠곡군,약목면,무림리
폐광,금속,태양,경북,칠곡군,동명면,남원리
폐광,금속,풍진,경북,칠곡군,석적읍,포남리
폐광,비금속,대영석회석,경북,칠곡군,왜관읍,아곡리
폐광,비금속,북삼,경북,칠곡군,북삼읍,보손리
폐광,비금속,칠곡장백,경북,칠곡군,약목면,덕산리
폐광,비금속,구상,경북,구미시,해평면,문량리
폐광,금속,(가)산서리,경북,포항시 남구,장기면,산서리
폐광,비금속,(가)이인리,경북,포항시 북구,흥해읍,이인리
폐광,비금속,(가)학전리,경북,포항시 남구,연일읍,학전리
폐광,비금속,한농광업소,경북,포항시 남구,동해면,상정리
폐광,비금속,대일광산,경북,포항시 남구,동해면,공당리
폐광,비금속,성동,경북,포항시 남구,구룡포읍,성동리
폐광,비금속,영림광산,경북,포항시 남구,구룡포읍,삼정리
폐광,비금속,영일백토,경북,포항시 남구,동해면,상정리
폐광,비금속,우일광산,경북,포항시 남구,장기면,방산리
폐광,비금속,유신,경북,포항시 남구,오천읍,갈평리
폐광,금속,계원,경북,포항시 남구,장기면,계원리
폐광,금속,발산,경북,포항시 남구,동해면,발산리
폐광,금속,연일57호,경북,포항시 남구,오천읍,진전리
폐광,금속,진보광업소,경북,포항시 남구,오천읍,진전리
폐광,비금속,감포규석,경북,포항시 남구,장기면,계원리
폐광,비금속,구룡포,경북,포항시 남구,장기면,양포리
폐광,비금속,구룡포백토,경북,포항시 남구,구룡포읍,구룡포리
폐광,비금속,금오,경북,포항시 남구,장기면,금오리
폐광,비금속,동일,경북,포항시 남구,장기면,정천리
폐광,비금속,동해,경북,포항시 남구,동해면,마산리
폐광,비금속,동해백토제1,경북,포항시 남구,동해면,금광리
폐광,비금속,봉산,경북,포항시 남구,장기면,죽정리
폐광,비금속,부국,경북,포항시 남구,동해면,석리
폐광,비금속,부농,경북,포항시 남구,장기면,학곡리
폐광,비금속,삼강,경북,포항시 남구,동해면,신정리
폐광,비금속,세진바이오,경북,포항시 남구,장기면,계원리
폐광,비금속,영동제일,경북,포항시 남구,장기면,금곡리
폐광,비금속,중정,경북,포항시 남구,장기면,죽정리
폐광,비금속,태곡,경북,포항시 남구,장기면,학곡리
폐광,비금속,포항규사,경북,포항시 남구,동해면,금광리
폐광,비금속,포항납석,경북,포항시 남구,오천읍,진전리
폐광,비금속,한서,경북,포항시 남구,동해면,입암리
폐광,비금속,화계,경북,포항시 남구,동해면,금광리
폐광,비금속,지가광산,경북,포항시 북구,기계면,지가리
폐광,비금속,포항규조토,경북,포항시 북구,흥해읍,성곡리
폐광,금속,대흥,경북,포항시 북구,죽장면,입암리
폐광,금속,장자금,경북,포항시 북구,죽장면,두마리
폐광,금속,호연(상사리),경북,포항시 북구,죽장면,하사리
폐광,비금속,(가)미남리,경북,포항시 북구,청하면,미남리
폐광,비금속,경북,경북,경주시,강동면,왕신리
폐광,비금속,구압납석,경북,포항시 북구,죽장면,상사리
폐광,비금속,기계,경북,포항시 북구,죽장면,정자리
폐광,비금속,기계제일,경북,포항시 북구,기계면,학야리
폐광,비금속,남성,경북,포항시 북구,흥해읍,옥성리
폐광,비금속,달억,경북,포항시 북구,흥해읍,성곡리
폐광,비금속,대창,경북,포항시 북구,창포동,
폐광,비금속,대하,경북,포항시 북구,청하면,상대리
폐광,비금속,덕장규조토,경북,포항시 북구,흥해읍,덕장리
폐광,비금속,동경,경북,포항시 북구,청하면,상대리
폐광,비금속,동아토라이트,경북,포항시 북구,흥해읍,우목리
폐광,비금속,동암,경북,포항시 북구,신광면,기일리
폐광,비금속,동양,경북,포항시 북구,신광면,마북리
폐광,비금속,동진,경북,의성군,단북면,정안리
폐광,비금속,동해규조토,경북,포항시 북구,장성동,
폐광,비금속,명성,경북,포항시 북구,흥해읍,이인리
폐광,비금속,불억,경북,포항시 북구,흥해읍,학천리
폐광,비금속,상옥,경북,포항시 북구,죽장면,상옥리
폐광,비금속,아성,경북,포항시 북구,흥해읍,용한리
폐광,비금속,아세아규조토,경북,포항시 북구,청하면,소동리
폐광,비금속,영진,경북,포항시 북구,양덕동,
폐광,비금속,월경규조토,경북,포항시 북구,청하면,미남리
폐광,금속,유천,경북,포항시 북구,청하면,유계리
폐광,비금속,의창,경북,포항시 북구,청하면,신흥리
폐광,비금속,일신,경북,포항시 북구,흥해읍,덕장리
폐광,비금속,일장,경북,포항시 북구,죽장면,합덕리
폐광,비금속,장흥,경북,포항시 북구,청하면,하대리
폐광,비금속,죽장납석,경북,포항시 북구,죽장면,감곡리
폐광,비금속,천마,경북,포항시 북구,송라면,하송리
폐광,비금속,청하규조토,경북,포항시 북구,송라면,조사리
폐광,비금속,포항,경북,포항시 북구,흥해읍,금장리
폐광,비금속,포항규사제2,경북,포항시 북구,청하면,청계리
폐광,비금속,풍원,경북,포항시 북구,흥해읍,남송리
폐광,비금속,흥해,경북,포항시 북구,흥해읍,초곡리
폐광,금속,긍원,경북,고령군,덕곡면,반성리
폐광,금속,남경상,경북,경주시,산내면,대현리
폐광,비금속,남면규석,경북,김천시,남면,부상리
폐광,금속,남원,경남,합천군,야로면,하림리
폐광,비금속,대곡,경남,하동군,옥종면,북방리
폐광,석탄,대원(구.상원),경북,상주시,은척면,
폐광,석탄,대정,경북,문경시,호계면,
폐광,비금속,동주불석,경북,경주시,양북면,용동리
폐광,비금속,동인,경남,산청군,금서면,자혜리
폐광,금속,득익,경북,구미시,옥성면,구봉리
폐광,금속,만류봉,경북,경주시,산내면,
폐광,석탄,문경,경북,문경시,불정동,
폐광,비금속,미래산업 풍양고령토,경북,예천군,풍양면,낙상리
폐광,비금속,백련광업 상주광산,경북,상주시,신봉동,
폐광,금속,비전,경북,봉화군,봉성면,우곡리
폐광,금속,비전(우곡),경북,봉화군,봉성면,우곡리
폐광,비금속,삼보,부산,기장군,철마면,임기리
폐광,금속,삼산,경남,고성군,삼산면,삼봉리
폐광,금속,삼포광산,경북,영천시,고경면,삼포리
폐광,금속,소야,경북,청도군,청도읍,
폐광,금속,소지,경북,봉화군,법전면,소지리
폐광,금속,속골,경북,봉화군,소천면,분천리
폐광,금속,술곡,경남,합천군,봉산면,
폐광,비금속,안동,경북,안동시,서후면,자품리
폐광,금속,양곡,경북,봉화군,법전면,양곡리
폐광,금속,양항,경남,거창군,남하면,
폐광,금속,여항,경남,마산시,진전면,여양리
폐광,금속,"영동, 영덕",경북,영덕군,영덕읍,
폐광,비금속,영순고령토,경북,문경시,영순면,말응리
폐광,비금속,영천점토제2광산,경북,영천시,임고면,우항리
폐광,비금속,옥방,경남,하동군,북천면,직전리
폐광,금속,요성(은정),경북,영천시,신녕면,
폐광,금속,"용주, 용봉, 가회",경남,합천군,용주면,
폐광,비금속,울산,울산,북구,달천동,
폐광,금속,울진(국창),경북,울진군,북면,
폐광,금속,유미,경북,성주군,선남면,관화리
폐광,금속,유봉금광(금호유봉광산),경북,영천시,금호읍,봉죽리
폐광,금속,장자,경북,경주시,산내면,
폐광,금속,조야동,대구,북구,조야동,
폐광,금속,지산,경남,거창군,남하면,양항리
폐광,석탄,천우,경북,문경시,가은읍,
폐광,금속,"칠곡, 동명",경북,칠곡군,가산면,
폐광,석탄,태원,경북,문경시,호계면,
폐광,비금속,포항,경북,포항시 북구,청하면,신흥리
폐광,금속,현석(페트라),경남,거제시,연초면,다공리
폐광,석탄,흥진-태맥,경북,상주시,은척면,하흘리
폐광,금속,장자,경북,청송군,현동면,거성리
폐광,비금속,영남광업,경북,경주시,건천읍,송선리
폐광,비금속,백운,경남,산청군,산청읍,차탄리
폐광,금속,송산,경북,상주시,낙동면,운평리
폐광,비금속,수드케미,경북,경주시,양남면,신서리
폐광,비금속,수산도석,경남,밀양시,하남읍,양동리
폐광,비금속,동양점토광산(밀양),경남,밀양시,상남면,기산리
폐광,비금속,창재광업,경남,창원시의창구,대산면,가술리
폐광,비금속,한국요업,경남,진주시,수곡면,사곡리
폐광,비금속,태현광업,경남,함안군,가야읍,신음리
폐광,비금속,화명,경북,경주시,양남면,신대리
폐광,금속,광안동,부산,수영구,광안동,
폐광,금속,주응리,경북,영덕군,달산면,주응리
폐광,비금속,감은리,경북,청송군,안덕면,감은리
폐광,금속,옥방,경북,봉화군,소천면,
폐광,금속,금련산,부산,수영구,망미동,
폐광,석탄,봉생,경북,문경시,마성면,신현리
폐광,금속,금성닉켈광산,경북,성주군,초전면,소성리
